date,year,code,country,region,opec_group,product,product_group,production_kbd,imports_kbd,exports_kbd,demand_kbd,refinery_intake_kbd,closing_stocks_kbbl
2010-01,2010,KW,Kuwait,Middle East,OPEC,Crude oil,Crude & NGL,2300.0,0.0,1405.0,,895.0,0.0
2010-01,2010,KW,Kuwait,Middle East,OPEC,Diesel & gasoil,Refined products,228.0,0.0,219.0,37.0,,0.0
2010-01,2010,KW,Kuwait,Middle East,OPEC,Fuel oil,Refined products,177.0,0.0,46.0,116.0,,0.0
2010-01,2010,KW,Kuwait,Middle East,OPEC,Gasoline,Refined products,60.0,0.0,1.0,78.0,,0.0
2010-01,2010,KW,Kuwait,Middle East,OPEC,Kerosene & jet fuel,Refined products,190.0,0.0,167.0,22.0,,0.0
2010-01,2010,KW,Kuwait,Middle East,OPEC,LPG,Refined products,88.0,0.0,98.0,5.0,,0.0
2010-01,2010,KW,Kuwait,Middle East,OPEC,NGL,Crude & NGL,0.0,0.0,0.0,,0.0,0.0
2010-01,2010,KW,Kuwait,Middle East,OPEC,Naphtha,Refined products,199.0,0.0,175.0,0.0,,0.0
2010-01,2010,KW,Kuwait,Middle East,OPEC,Other crude inputs,Crude & NGL,0.0,0.0,0.0,,0.0,0.0
2010-01,2010,KW,Kuwait,Middle East,OPEC,Other products,Refined products,39.0,0.0,32.0,63.0,,0.0
2010-02,2010,KW,Kuwait,Middle East,OPEC,Crude oil,Crude & NGL,2310.0,0.0,1418.0,,892.0,0.0
2010-02,2010,KW,Kuwait,Middle East,OPEC,Diesel & gasoil,Refined products,203.0,0.0,189.0,32.0,,0.0
2010-02,2010,KW,Kuwait,Middle East,OPEC,Fuel oil,Refined products,236.0,0.0,138.0,101.0,,0.0
2010-02,2010,KW,Kuwait,Middle East,OPEC,Gasoline,Refined products,56.0,0.0,1.0,55.0,,0.0
2010-02,2010,KW,Kuwait,Middle East,OPEC,Kerosene & jet fuel,Refined products,175.0,0.0,149.0,16.0,,0.0
2010-02,2010,KW,Kuwait,Middle East,OPEC,LPG,Refined products,113.0,0.0,88.0,5.0,,0.0
2010-02,2010,KW,Kuwait,Middle East,OPEC,NGL,Crude & NGL,0.0,0.0,0.0,,0.0,0.0
2010-02,2010,KW,Kuwait,Middle East,OPEC,Naphtha,Refined products,193.0,0.0,145.0,0.0,,0.0
2010-02,2010,KW,Kuwait,Middle East,OPEC,Other crude inputs,Crude & NGL,0.0,0.0,0.0,,0.0,0.0
2010-02,2010,KW,Kuwait,Middle East,OPEC,Other products,Refined products,27.0,0.0,16.0,21.0,,0.0
2010-03,2010,KW,Kuwait,Middle East,OPEC,Crude oil,Crude & NGL,2325.0,0.0,1447.0,,879.0,0.0
2010-03,2010,KW,Kuwait,Middle East,OPEC,Diesel & gasoil,Refined products,175.0,0.0,203.0,55.0,,0.0
2010-03,2010,KW,Kuwait,Middle East,OPEC,Fuel oil,Refined products,222.0,0.0,84.0,124.0,,0.0
2010-03,2010,KW,Kuwait,Middle East,OPEC,Gasoline,Refined products,46.0,0.0,1.0,59.0,,0.0
2010-03,2010,KW,Kuwait,Middle East,OPEC,Kerosene & jet fuel,Refined products,194.0,0.0,174.0,16.0,,0.0
2010-03,2010,KW,Kuwait,Middle East,OPEC,LPG,Refined products,115.0,0.0,76.0,5.0,,0.0
2010-03,2010,KW,Kuwait,Middle East,OPEC,NGL,Crude & NGL,0.0,0.0,0.0,,0.0,0.0
2010-03,2010,KW,Kuwait,Middle East,OPEC,Naphtha,Refined products,217.0,0.0,137.0,0.0,,0.0
2010-03,2010,KW,Kuwait,Middle East,OPEC,Other crude inputs,Crude & NGL,0.0,0.0,0.0,,0.0,0.0
2010-03,2010,KW,Kuwait,Middle East,OPEC,Other products,Refined products,23.0,0.0,23.0,3.0,,0.0
2010-04,2010,KW,Kuwait,Middle East,OPEC,Crude oil,Crude & NGL,2300.0,0.0,1436.0,,864.0,0.0
2010-04,2010,KW,Kuwait,Middle East,OPEC,Diesel & gasoil,Refined products,187.0,0.0,171.0,32.0,,0.0
2010-04,2010,KW,Kuwait,Middle East,OPEC,Fuel oil,Refined products,225.0,0.0,105.0,109.0,,0.0
2010-04,2010,KW,Kuwait,Middle East,OPEC,Gasoline,Refined products,54.0,0.0,1.0,52.0,,0.0
2010-04,2010,KW,Kuwait,Middle East,OPEC,Kerosene & jet fuel,Refined products,179.0,0.0,157.0,14.0,,0.0
2010-04,2010,KW,Kuwait,Middle East,OPEC,LPG,Refined products,122.0,0.0,119.0,4.0,,0.0
2010-04,2010,KW,Kuwait,Middle East,OPEC,NGL,Crude & NGL,0.0,0.0,0.0,,0.0,0.0
2010-04,2010,KW,Kuwait,Middle East,OPEC,Naphtha,Refined products,200.0,0.0,206.0,0.0,,0.0
2010-04,2010,KW,Kuwait,Middle East,OPEC,Other crude inputs,Crude & NGL,0.0,0.0,0.0,,0.0,0.0
2010-04,2010,KW,Kuwait,Middle East,OPEC,Other products,Refined products,16.0,0.0,14.0,27.0,,0.0
2010-05,2010,KW,Kuwait,Middle East,OPEC,Crude oil,Crude & NGL,2320.0,0.0,1524.0,,796.0,0.0
2010-05,2010,KW,Kuwait,Middle East,OPEC,Diesel & gasoil,Refined products,195.0,0.0,187.0,39.0,,0.0
2010-05,2010,KW,Kuwait,Middle East,OPEC,Fuel oil,Refined products,143.0,0.0,61.0,91.0,,0.0
2010-05,2010,KW,Kuwait,Middle East,OPEC,Gasoline,Refined products,62.0,0.0,1.0,58.0,,0.0
2010-05,2010,KW,Kuwait,Middle East,OPEC,Kerosene & jet fuel,Refined products,183.0,0.0,168.0,15.0,,0.0
2010-05,2010,KW,Kuwait,Middle East,OPEC,LPG,Refined products,132.0,0.0,146.0,4.0,,0.0
2010-05,2010,KW,Kuwait,Middle East,OPEC,NGL,Crude & NGL,0.0,0.0,0.0,,0.0,0.0
2010-05,2010,KW,Kuwait,Middle East,OPEC,Naphtha,Refined products,188.0,0.0,146.0,0.0,,0.0
2010-05,2010,KW,Kuwait,Middle East,OPEC,Other crude inputs,Crude & NGL,0.0,0.0,0.0,,0.0,0.0
2010-05,2010,KW,Kuwait,Middle East,OPEC,Other products,Refined products,22.0,0.0,28.0,73.0,,0.0
2010-06,2010,KW,Kuwait,Middle East,OPEC,Crude oil,Crude & NGL,2320.0,0.0,1457.0,,863.0,0.0
2010-06,2010,KW,Kuwait,Middle East,OPEC,Diesel & gasoil,Refined products,222.0,0.0,170.0,66.0,,0.0
2010-06,2010,KW,Kuwait,Middle East,OPEC,Fuel oil,Refined products,205.0,0.0,63.0,108.0,,0.0
2010-06,2010,KW,Kuwait,Middle East,OPEC,Gasoline,Refined products,47.0,0.0,1.0,59.0,,0.0
2010-06,2010,KW,Kuwait,Middle East,OPEC,Kerosene & jet fuel,Refined products,153.0,0.0,174.0,15.0,,0.0
2010-06,2010,KW,Kuwait,Middle East,OPEC,LPG,Refined products,139.0,0.0,129.0,4.0,,0.0
2010-06,2010,KW,Kuwait,Middle East,OPEC,NGL,Crude & NGL,0.0,0.0,0.0,,0.0,0.0
2010-06,2010,KW,Kuwait,Middle East,OPEC,Naphtha,Refined products,215.0,0.0,186.0,0.0,,0.0
2010-06,2010,KW,Kuwait,Middle East,OPEC,Other crude inputs,Crude & NGL,0.0,0.0,0.0,,0.0,0.0
2010-06,2010,KW,Kuwait,Middle East,OPEC,Other products,Refined products,20.0,0.0,19.0,90.0,,0.0
2010-07,2010,KW,Kuwait,Middle East,OPEC,Crude oil,Crude & NGL,2300.0,0.0,1373.0,,927.0,0.0
2010-07,2010,KW,Kuwait,Middle East,OPEC,Diesel & gasoil,Refined products,226.0,0.0,192.0,72.0,,0.0
2010-07,2010,KW,Kuwait,Middle East,OPEC,Fuel oil,Refined products,195.0,0.0,82.0,112.0,,0.0
2010-07,2010,KW,Kuwait,Middle East,OPEC,Gasoline,Refined products,55.0,0.0,1.0,56.0,,0.0
2010-07,2010,KW,Kuwait,Middle East,OPEC,Kerosene & jet fuel,Refined products,197.0,0.0,165.0,17.0,,0.0
2010-07,2010,KW,Kuwait,Middle East,OPEC,LPG,Refined products,144.0,0.0,151.0,4.0,,0.0
2010-07,2010,KW,Kuwait,Middle East,OPEC,NGL,Crude & NGL,0.0,0.0,0.0,,0.0,0.0
2010-07,2010,KW,Kuwait,Middle East,OPEC,Naphtha,Refined products,225.0,0.0,204.0,0.0,,0.0
2010-07,2010,KW,Kuwait,Middle East,OPEC,Other crude inputs,Crude & NGL,0.0,0.0,0.0,,0.0,0.0
2010-07,2010,KW,Kuwait,Middle East,OPEC,Other products,Refined products,25.0,0.0,24.0,91.0,,0.0
2010-08,2010,KW,Kuwait,Middle East,OPEC,Crude oil,Crude & NGL,2310.0,0.0,1398.0,,912.0,0.0
2010-08,2010,KW,Kuwait,Middle East,OPEC,Diesel & gasoil,Refined products,229.0,0.0,195.0,81.0,,0.0
2010-08,2010,KW,Kuwait,Middle East,OPEC,Fuel oil,Refined products,172.0,0.0,60.0,132.0,,0.0
2010-08,2010,KW,Kuwait,Middle East,OPEC,Gasoline,Refined products,55.0,0.0,1.0,61.0,,0.0
2010-08,2010,KW,Kuwait,Middle East,OPEC,Kerosene & jet fuel,Refined products,196.0,0.0,168.0,19.0,,0.0
2010-08,2010,KW,Kuwait,Middle East,OPEC,LPG,Refined products,144.0,0.0,144.0,4.0,,0.0
2010-08,2010,KW,Kuwait,Middle East,OPEC,NGL,Crude & NGL,0.0,0.0,0.0,,0.0,0.0
2010-08,2010,KW,Kuwait,Middle East,OPEC,Naphtha,Refined products,219.0,0.0,167.0,0.0,,0.0
2010-08,2010,KW,Kuwait,Middle East,OPEC,Other crude inputs,Crude & NGL,0.0,0.0,0.0,,0.0,0.0
2010-08,2010,KW,Kuwait,Middle East,OPEC,Other products,Refined products,39.0,0.0,26.0,93.0,,0.0
2010-09,2010,KW,Kuwait,Middle East,OPEC,Crude oil,Crude & NGL,2320.0,0.0,1408.0,,912.0,0.0
2010-09,2010,KW,Kuwait,Middle East,OPEC,Diesel & gasoil,Refined products,230.0,0.0,224.0,50.0,,0.0
2010-09,2010,KW,Kuwait,Middle East,OPEC,Fuel oil,Refined products,200.0,0.0,82.0,86.0,,0.0
2010-09,2010,KW,Kuwait,Middle East,OPEC,Gasoline,Refined products,47.0,0.0,1.0,90.0,,0.0
2010-09,2010,KW,Kuwait,Middle East,OPEC,Kerosene & jet fuel,Refined products,183.0,0.0,169.0,14.0,,0.0
2010-09,2010,KW,Kuwait,Middle East,OPEC,LPG,Refined products,146.0,0.0,132.0,4.0,,0.0
2010-09,2010,KW,Kuwait,Middle East,OPEC,NGL,Crude & NGL,0.0,0.0,0.0,,0.0,0.0
2010-09,2010,KW,Kuwait,Middle East,OPEC,Naphtha,Refined products,216.0,0.0,172.0,0.0,,0.0
2010-09,2010,KW,Kuwait,Middle East,OPEC,Other crude inputs,Crude & NGL,0.0,0.0,0.0,,0.0,0.0
2010-09,2010,KW,Kuwait,Middle East,OPEC,Other products,Refined products,35.0,0.0,23.0,89.0,,0.0
2010-10,2010,KW,Kuwait,Middle East,OPEC,Crude oil,Crude & NGL,2320.0,0.0,1408.0,,912.0,0.0
2010-10,2010,KW,Kuwait,Middle East,OPEC,Diesel & gasoil,Refined products,228.0,0.0,220.0,47.0,,0.0
2010-10,2010,KW,Kuwait,Middle East,OPEC,Fuel oil,Refined products,193.0,0.0,65.0,135.0,,0.0
2010-10,2010,KW,Kuwait,Middle East,OPEC,Gasoline,Refined products,55.0,0.0,1.0,56.0,,0.0
2010-10,2010,KW,Kuwait,Middle East,OPEC,Kerosene & jet fuel,Refined products,192.0,0.0,173.0,14.0,,0.0
2010-10,2010,KW,Kuwait,Middle East,OPEC,LPG,Refined products,136.0,0.0,134.0,4.0,,0.0
2010-10,2010,KW,Kuwait,Middle East,OPEC,NGL,Crude & NGL,0.0,0.0,0.0,,0.0,0.0
2010-10,2010,KW,Kuwait,Middle East,OPEC,Naphtha,Refined products,209.0,0.0,176.0,0.0,,0.0
2010-10,2010,KW,Kuwait,Middle East,OPEC,Other crude inputs,Crude & NGL,0.0,0.0,0.0,,0.0,0.0
2010-10,2010,KW,Kuwait,Middle East,OPEC,Other products,Refined products,33.0,0.0,23.0,13.0,,0.0
2010-11,2010,KW,Kuwait,Middle East,OPEC,Crude oil,Crude & NGL,2300.0,0.0,1407.0,,893.0,0.0
2010-11,2010,KW,Kuwait,Middle East,OPEC,Diesel & gasoil,Refined products,241.0,0.0,219.0,39.0,,0.0
2010-11,2010,KW,Kuwait,Middle East,OPEC,Fuel oil,Refined products,189.0,0.0,68.0,116.0,,0.0
2010-11,2010,KW,Kuwait,Middle East,OPEC,Gasoline,Refined products,55.0,0.0,1.0,57.0,,0.0
2010-11,2010,KW,Kuwait,Middle East,OPEC,Kerosene & jet fuel,Refined products,175.0,0.0,184.0,15.0,,0.0
2010-11,2010,KW,Kuwait,Middle East,OPEC,LPG,Refined products,107.0,0.0,96.0,4.0,,0.0
2010-11,2010,KW,Kuwait,Middle East,OPEC,NGL,Crude & NGL,0.0,0.0,0.0,,0.0,0.0
2010-11,2010,KW,Kuwait,Middle East,OPEC,Naphtha,Refined products,202.0,0.0,160.0,0.0,,0.0
2010-11,2010,KW,Kuwait,Middle East,OPEC,Other crude inputs,Crude & NGL,0.0,0.0,0.0,,0.0,0.0
2010-11,2010,KW,Kuwait,Middle East,OPEC,Other products,Refined products,27.0,0.0,32.0,39.0,,0.0
2010-12,2010,KW,Kuwait,Middle East,OPEC,Crude oil,Crude & NGL,2320.0,0.0,1472.0,,849.0,0.0
2010-12,2010,KW,Kuwait,Middle East,OPEC,Diesel & gasoil,Refined products,203.0,0.0,194.0,34.0,,0.0
2010-12,2010,KW,Kuwait,Middle East,OPEC,Fuel oil,Refined products,211.0,0.0,44.0,174.0,,0.0
2010-12,2010,KW,Kuwait,Middle East,OPEC,Gasoline,Refined products,34.0,0.0,1.0,74.0,,0.0
2010-12,2010,KW,Kuwait,Middle East,OPEC,Kerosene & jet fuel,Refined products,158.0,0.0,125.0,19.0,,0.0
2010-12,2010,KW,Kuwait,Middle East,OPEC,LPG,Refined products,117.0,0.0,101.0,5.0,,0.0
2010-12,2010,KW,Kuwait,Middle East,OPEC,NGL,Crude & NGL,0.0,0.0,0.0,,0.0,0.0
2010-12,2010,KW,Kuwait,Middle East,OPEC,Naphtha,Refined products,214.0,0.0,162.0,0.0,,0.0
2010-12,2010,KW,Kuwait,Middle East,OPEC,Other crude inputs,Crude & NGL,0.0,0.0,0.0,,0.0,0.0
2010-12,2010,KW,Kuwait,Middle East,OPEC,Other products,Refined products,26.0,0.0,19.0,32.0,,0.0
2011-01,2011,KW,Kuwait,Middle East,OPEC,Crude oil,Crude & NGL,2380.0,0.0,1461.0,,919.0,0.0
2011-01,2011,KW,Kuwait,Middle East,OPEC,Diesel & gasoil,Refined products,248.0,0.0,259.0,118.0,,0.0
2011-01,2011,KW,Kuwait,Middle East,OPEC,Fuel oil,Refined products,195.0,0.0,59.0,200.0,,0.0
2011-01,2011,KW,Kuwait,Middle East,OPEC,Gasoline,Refined products,59.0,0.0,1.0,71.0,,0.0
2011-01,2011,KW,Kuwait,Middle East,OPEC,Kerosene & jet fuel,Refined products,180.0,0.0,166.0,32.0,,0.0
2011-01,2011,KW,Kuwait,Middle East,OPEC,LPG,Refined products,120.0,0.0,110.0,3.0,,0.0
2011-01,2011,KW,Kuwait,Middle East,OPEC,NGL,Crude & NGL,0.0,0.0,0.0,,0.0,0.0
2011-01,2011,KW,Kuwait,Middle East,OPEC,Naphtha,Refined products,208.0,0.0,175.0,0.0,,0.0
2011-01,2011,KW,Kuwait,Middle East,OPEC,Other crude inputs,Crude & NGL,0.0,0.0,0.0,,0.0,0.0
2011-01,2011,KW,Kuwait,Middle East,OPEC,Other products,Refined products,27.0,0.0,65.0,15.0,,0.0
2011-02,2011,KW,Kuwait,Middle East,OPEC,Crude oil,Crude & NGL,2420.0,0.0,1501.0,,919.0,0.0
2011-02,2011,KW,Kuwait,Middle East,OPEC,Diesel & gasoil,Refined products,220.0,0.0,254.0,23.0,,0.0
2011-02,2011,KW,Kuwait,Middle East,OPEC,Fuel oil,Refined products,228.0,0.0,58.0,118.0,,0.0
2011-02,2011,KW,Kuwait,Middle East,OPEC,Gasoline,Refined products,37.0,0.0,1.0,49.0,,0.0
2011-02,2011,KW,Kuwait,Middle East,OPEC,Kerosene & jet fuel,Refined products,171.0,0.0,163.0,13.0,,0.0
2011-02,2011,KW,Kuwait,Middle East,OPEC,LPG,Refined products,117.0,0.0,101.0,5.0,,0.0
2011-02,2011,KW,Kuwait,Middle East,OPEC,NGL,Crude & NGL,0.0,0.0,0.0,,0.0,0.0
2011-02,2011,KW,Kuwait,Middle East,OPEC,Naphtha,Refined products,232.0,0.0,212.0,0.0,,0.0
2011-02,2011,KW,Kuwait,Middle East,OPEC,Other crude inputs,Crude & NGL,0.0,0.0,0.0,,0.0,0.0
2011-02,2011,KW,Kuwait,Middle East,OPEC,Other products,Refined products,28.0,0.0,24.0,2.0,,0.0
2011-03,2011,KW,Kuwait,Middle East,OPEC,Crude oil,Crude & NGL,2460.0,0.0,1560.0,,900.0,0.0
2011-03,2011,KW,Kuwait,Middle East,OPEC,Diesel & gasoil,Refined products,215.0,0.0,248.0,24.0,,0.0
2011-03,2011,KW,Kuwait,Middle East,OPEC,Fuel oil,Refined products,224.0,0.0,75.0,123.0,,0.0
2011-03,2011,KW,Kuwait,Middle East,OPEC,Gasoline,Refined products,36.0,0.0,1.0,51.0,,0.0
2011-03,2011,KW,Kuwait,Middle East,OPEC,Kerosene & jet fuel,Refined products,168.0,0.0,180.0,14.0,,0.0
2011-03,2011,KW,Kuwait,Middle East,OPEC,LPG,Refined products,117.0,0.0,101.0,5.0,,0.0
2011-03,2011,KW,Kuwait,Middle East,OPEC,NGL,Crude & NGL,0.0,0.0,0.0,,0.0,0.0
2011-03,2011,KW,Kuwait,Middle East,OPEC,Naphtha,Refined products,227.0,0.0,157.0,0.0,,0.0
2011-03,2011,KW,Kuwait,Middle East,OPEC,Other crude inputs,Crude & NGL,0.0,0.0,0.0,,0.0,0.0
2011-03,2011,KW,Kuwait,Middle East,OPEC,Other products,Refined products,27.0,0.0,25.0,15.0,,0.0
2011-04,2011,KW,Kuwait,Middle East,OPEC,Crude oil,Crude & NGL,2500.0,0.0,1770.0,,730.0,0.0
2011-04,2011,KW,Kuwait,Middle East,OPEC,Diesel & gasoil,Refined products,175.0,0.0,177.0,25.0,,0.0
2011-04,2011,KW,Kuwait,Middle East,OPEC,Fuel oil,Refined products,181.0,0.0,74.0,128.0,,0.0
2011-04,2011,KW,Kuwait,Middle East,OPEC,Gasoline,Refined products,29.0,0.0,1.0,53.0,,0.0
2011-04,2011,KW,Kuwait,Middle East,OPEC,Kerosene & jet fuel,Refined products,136.0,0.0,106.0,14.0,,0.0
2011-04,2011,KW,Kuwait,Middle East,OPEC,LPG,Refined products,117.0,0.0,101.0,5.0,,0.0
2011-04,2011,KW,Kuwait,Middle East,OPEC,NGL,Crude & NGL,0.0,0.0,0.0,,0.0,0.0
2011-04,2011,KW,Kuwait,Middle East,OPEC,Naphtha,Refined products,184.0,0.0,129.0,0.0,,0.0
2011-04,2011,KW,Kuwait,Middle East,OPEC,Other crude inputs,Crude & NGL,0.0,0.0,0.0,,0.0,0.0
2011-04,2011,KW,Kuwait,Middle East,OPEC,Other products,Refined products,23.0,0.0,19.0,44.0,,0.0
2011-05,2011,KW,Kuwait,Middle East,OPEC,Crude oil,Crude & NGL,2550.0,0.0,1820.0,,730.0,0.0
2011-05,2011,KW,Kuwait,Middle East,OPEC,Diesel & gasoil,Refined products,166.0,0.0,170.0,27.0,,0.0
2011-05,2011,KW,Kuwait,Middle East,OPEC,Fuel oil,Refined products,174.0,0.0,71.0,139.0,,0.0
2011-05,2011,KW,Kuwait,Middle East,OPEC,Gasoline,Refined products,44.0,0.0,0.0,57.0,,0.0
2011-05,2011,KW,Kuwait,Middle East,OPEC,Kerosene & jet fuel,Refined products,153.0,0.0,102.0,15.0,,0.0
2011-05,2011,KW,Kuwait,Middle East,OPEC,LPG,Refined products,117.0,0.0,101.0,5.0,,0.0
2011-05,2011,KW,Kuwait,Middle East,OPEC,NGL,Crude & NGL,0.0,0.0,0.0,,0.0,0.0
2011-05,2011,KW,Kuwait,Middle East,OPEC,Naphtha,Refined products,155.0,0.0,124.0,0.0,,0.0
2011-05,2011,KW,Kuwait,Middle East,OPEC,Other crude inputs,Crude & NGL,0.0,0.0,0.0,,0.0,0.0
2011-05,2011,KW,Kuwait,Middle East,OPEC,Other products,Refined products,24.0,0.0,20.0,82.0,,0.0
2011-06,2011,KW,Kuwait,Middle East,OPEC,Crude oil,Crude & NGL,2600.0,0.0,1678.0,,922.0,0.0
2011-06,2011,KW,Kuwait,Middle East,OPEC,Diesel & gasoil,Refined products,239.0,0.0,255.0,33.0,,0.0
2011-06,2011,KW,Kuwait,Middle East,OPEC,Fuel oil,Refined products,218.0,0.0,106.0,90.0,,0.0
2011-06,2011,KW,Kuwait,Middle East,OPEC,Gasoline,Refined products,44.0,0.0,1.0,54.0,,0.0
2011-06,2011,KW,Kuwait,Middle East,OPEC,Kerosene & jet fuel,Refined products,192.0,0.0,152.0,13.0,,0.0
2011-06,2011,KW,Kuwait,Middle East,OPEC,LPG,Refined products,120.0,0.0,112.0,5.0,,0.0
2011-06,2011,KW,Kuwait,Middle East,OPEC,NGL,Crude & NGL,0.0,0.0,0.0,,0.0,0.0
2011-06,2011,KW,Kuwait,Middle East,OPEC,Naphtha,Refined products,195.0,0.0,186.0,0.0,,0.0
2011-06,2011,KW,Kuwait,Middle East,OPEC,Other crude inputs,Crude & NGL,0.0,0.0,0.0,,0.0,0.0
2011-06,2011,KW,Kuwait,Middle East,OPEC,Other products,Refined products,31.0,0.0,30.0,92.0,,0.0
2011-07,2011,KW,Kuwait,Middle East,OPEC,Crude oil,Crude & NGL,2600.0,0.0,1705.0,,895.0,0.0
2011-07,2011,KW,Kuwait,Middle East,OPEC,Diesel & gasoil,Refined products,232.0,0.0,213.0,49.0,,0.0
2011-07,2011,KW,Kuwait,Middle East,OPEC,Fuel oil,Refined products,211.0,0.0,89.0,133.0,,0.0
2011-07,2011,KW,Kuwait,Middle East,OPEC,Gasoline,Refined products,43.0,0.0,1.0,81.0,,0.0
2011-07,2011,KW,Kuwait,Middle East,OPEC,Kerosene & jet fuel,Refined products,186.0,0.0,127.0,19.0,,0.0
2011-07,2011,KW,Kuwait,Middle East,OPEC,LPG,Refined products,150.0,0.0,170.0,5.0,,0.0
2011-07,2011,KW,Kuwait,Middle East,OPEC,NGL,Crude & NGL,0.0,0.0,0.0,,0.0,0.0
2011-07,2011,KW,Kuwait,Middle East,OPEC,Naphtha,Refined products,190.0,0.0,155.0,0.0,,0.0
2011-07,2011,KW,Kuwait,Middle East,OPEC,Other crude inputs,Crude & NGL,0.0,0.0,0.0,,0.0,0.0
2011-07,2011,KW,Kuwait,Middle East,OPEC,Other products,Refined products,30.0,0.0,25.0,89.0,,0.0
2011-08,2011,KW,Kuwait,Middle East,OPEC,Crude oil,Crude & NGL,2800.0,0.0,1905.0,,895.0,0.0
2011-08,2011,KW,Kuwait,Middle East,OPEC,Diesel & gasoil,Refined products,232.0,0.0,219.0,46.0,,0.0
2011-08,2011,KW,Kuwait,Middle East,OPEC,Fuel oil,Refined products,211.0,0.0,92.0,124.0,,0.0
2011-08,2011,KW,Kuwait,Middle East,OPEC,Gasoline,Refined products,43.0,0.0,1.0,75.0,,0.0
2011-08,2011,KW,Kuwait,Middle East,OPEC,Kerosene & jet fuel,Refined products,186.0,0.0,131.0,18.0,,0.0
2011-08,2011,KW,Kuwait,Middle East,OPEC,LPG,Refined products,150.0,0.0,170.0,5.0,,0.0
2011-08,2011,KW,Kuwait,Middle East,OPEC,NGL,Crude & NGL,0.0,0.0,0.0,,0.0,0.0
2011-08,2011,KW,Kuwait,Middle East,OPEC,Naphtha,Refined products,190.0,0.0,160.0,0.0,,0.0
2011-08,2011,KW,Kuwait,Middle East,OPEC,Other crude inputs,Crude & NGL,0.0,0.0,0.0,,0.0,0.0
2011-08,2011,KW,Kuwait,Middle East,OPEC,Other products,Refined products,30.0,0.0,25.0,20.0,,0.0
2011-09,2011,KW,Kuwait,Middle East,OPEC,Crude oil,Crude & NGL,2870.0,0.0,2059.0,,811.0,0.0
2011-09,2011,KW,Kuwait,Middle East,OPEC,Diesel & gasoil,Refined products,210.0,0.0,138.0,40.0,,0.0
2011-09,2011,KW,Kuwait,Middle East,OPEC,Fuel oil,Refined products,192.0,0.0,121.0,109.0,,0.0
2011-09,2011,KW,Kuwait,Middle East,OPEC,Gasoline,Refined products,39.0,0.0,1.0,66.0,,0.0
2011-09,2011,KW,Kuwait,Middle East,OPEC,Kerosene & jet fuel,Refined products,169.0,0.0,155.0,16.0,,0.0
2011-09,2011,KW,Kuwait,Middle East,OPEC,LPG,Refined products,150.0,0.0,170.0,5.0,,0.0
2011-09,2011,KW,Kuwait,Middle East,OPEC,NGL,Crude & NGL,0.0,0.0,0.0,,0.0,0.0
2011-09,2011,KW,Kuwait,Middle East,OPEC,Naphtha,Refined products,172.0,0.0,123.0,0.0,,0.0
2011-09,2011,KW,Kuwait,Middle East,OPEC,Other crude inputs,Crude & NGL,0.0,0.0,0.0,,0.0,0.0
2011-09,2011,KW,Kuwait,Middle East,OPEC,Other products,Refined products,27.0,0.0,40.0,102.0,,0.0
2011-10,2011,KW,Kuwait,Middle East,OPEC,Crude oil,Crude & NGL,2861.0,0.0,2143.0,,718.0,0.0
2011-10,2011,KW,Kuwait,Middle East,OPEC,Diesel & gasoil,Refined products,168.0,0.0,144.0,34.0,,0.0
2011-10,2011,KW,Kuwait,Middle East,OPEC,Fuel oil,Refined products,172.0,0.0,59.0,94.0,,0.0
2011-10,2011,KW,Kuwait,Middle East,OPEC,Gasoline,Refined products,47.0,0.0,1.0,57.0,,0.0
2011-10,2011,KW,Kuwait,Middle East,OPEC,Kerosene & jet fuel,Refined products,150.0,0.0,131.0,13.0,,0.0
2011-10,2011,KW,Kuwait,Middle East,OPEC,LPG,Refined products,150.0,0.0,170.0,5.0,,0.0
2011-10,2011,KW,Kuwait,Middle East,OPEC,NGL,Crude & NGL,0.0,0.0,0.0,,0.0,0.0
2011-10,2011,KW,Kuwait,Middle East,OPEC,Naphtha,Refined products,159.0,0.0,134.0,0.0,,0.0
2011-10,2011,KW,Kuwait,Middle East,OPEC,Other crude inputs,Crude & NGL,0.0,0.0,0.0,,0.0,0.0
2011-10,2011,KW,Kuwait,Middle East,OPEC,Other products,Refined products,20.0,0.0,48.0,73.0,,0.0
2011-11,2011,KW,Kuwait,Middle East,OPEC,Crude oil,Crude & NGL,2915.0,0.0,2170.0,,745.0,0.0
2011-11,2011,KW,Kuwait,Middle East,OPEC,Diesel & gasoil,Refined products,205.0,0.0,161.0,92.0,,0.0
2011-11,2011,KW,Kuwait,Middle East,OPEC,Fuel oil,Refined products,120.0,0.0,66.0,274.0,,0.0
2011-11,2011,KW,Kuwait,Middle East,OPEC,Gasoline,Refined products,55.0,0.0,0.0,136.0,,0.0
2011-11,2011,KW,Kuwait,Middle East,OPEC,Kerosene & jet fuel,Refined products,163.0,0.0,127.0,36.0,,0.0
2011-11,2011,KW,Kuwait,Middle East,OPEC,LPG,Refined products,151.0,0.0,135.0,4.0,,0.0
2011-11,2011,KW,Kuwait,Middle East,OPEC,NGL,Crude & NGL,0.0,0.0,0.0,,0.0,0.0
2011-11,2011,KW,Kuwait,Middle East,OPEC,Naphtha,Refined products,177.0,0.0,136.0,0.0,,0.0
2011-11,2011,KW,Kuwait,Middle East,OPEC,Other crude inputs,Crude & NGL,0.0,0.0,0.0,,0.0,0.0
2011-11,2011,KW,Kuwait,Middle East,OPEC,Other products,Refined products,23.0,0.0,22.0,24.0,,0.0
2011-12,2011,KW,Kuwait,Middle East,OPEC,Crude oil,Crude & NGL,2952.0,0.0,2025.0,,927.0,0.0
2011-12,2011,KW,Kuwait,Middle East,OPEC,Diesel & gasoil,Refined products,255.0,0.0,219.0,66.0,,0.0
2011-12,2011,KW,Kuwait,Middle East,OPEC,Fuel oil,Refined products,150.0,0.0,90.0,98.0,,0.0
2011-12,2011,KW,Kuwait,Middle East,OPEC,Gasoline,Refined products,69.0,0.0,0.0,51.0,,0.0
2011-12,2011,KW,Kuwait,Middle East,OPEC,Kerosene & jet fuel,Refined products,203.0,0.0,173.0,12.0,,0.0
2011-12,2011,KW,Kuwait,Middle East,OPEC,LPG,Refined products,151.0,0.0,135.0,4.0,,0.0
2011-12,2011,KW,Kuwait,Middle East,OPEC,NGL,Crude & NGL,0.0,0.0,0.0,,0.0,0.0
2011-12,2011,KW,Kuwait,Middle East,OPEC,Naphtha,Refined products,221.0,0.0,186.0,0.0,,0.0
2011-12,2011,KW,Kuwait,Middle East,OPEC,Other crude inputs,Crude & NGL,0.0,0.0,0.0,,0.0,0.0
2011-12,2011,KW,Kuwait,Middle East,OPEC,Other products,Refined products,27.0,0.0,30.0,24.0,,0.0
2012-01,2012,KW,Kuwait,Middle East,OPEC,Crude oil,Crude & NGL,2942.0,0.0,2109.0,,833.0,0.0
2012-01,2012,KW,Kuwait,Middle East,OPEC,Diesel & gasoil,Refined products,210.0,0.0,201.0,57.0,,0.0
2012-01,2012,KW,Kuwait,Middle East,OPEC,Fuel oil,Refined products,183.0,0.0,54.0,88.0,,0.0
2012-01,2012,KW,Kuwait,Middle East,OPEC,Gasoline,Refined products,51.0,0.0,0.0,63.0,,0.0
2012-01,2012,KW,Kuwait,Middle East,OPEC,Kerosene & jet fuel,Refined products,171.0,0.0,155.0,16.0,,0.0
2012-01,2012,KW,Kuwait,Middle East,OPEC,LPG,Refined products,115.0,0.0,98.0,4.0,,0.0
2012-01,2012,KW,Kuwait,Middle East,OPEC,NGL,Crude & NGL,0.0,0.0,0.0,,0.0,0.0
2012-01,2012,KW,Kuwait,Middle East,OPEC,Naphtha,Refined products,191.0,0.0,141.0,0.0,,0.0
2012-01,2012,KW,Kuwait,Middle East,OPEC,Other crude inputs,Crude & NGL,0.0,0.0,0.0,,0.0,0.0
2012-01,2012,KW,Kuwait,Middle East,OPEC,Other products,Refined products,27.0,0.0,55.0,22.0,,0.0
2012-02,2012,KW,Kuwait,Middle East,OPEC,Crude oil,Crude & NGL,3014.0,0.0,2172.0,,842.0,0.0
2012-02,2012,KW,Kuwait,Middle East,OPEC,Diesel & gasoil,Refined products,212.0,0.0,226.0,40.0,,0.0
2012-02,2012,KW,Kuwait,Middle East,OPEC,Fuel oil,Refined products,185.0,0.0,64.0,82.0,,0.0
2012-02,2012,KW,Kuwait,Middle East,OPEC,Gasoline,Refined products,49.0,0.0,0.0,59.0,,0.0
2012-02,2012,KW,Kuwait,Middle East,OPEC,Kerosene & jet fuel,Refined products,173.0,0.0,173.0,15.0,,0.0
2012-02,2012,KW,Kuwait,Middle East,OPEC,LPG,Refined products,123.0,0.0,103.0,4.0,,0.0
2012-02,2012,KW,Kuwait,Middle East,OPEC,NGL,Crude & NGL,0.0,0.0,0.0,,0.0,0.0
2012-02,2012,KW,Kuwait,Middle East,OPEC,Naphtha,Refined products,193.0,0.0,120.0,0.0,,0.0
2012-02,2012,KW,Kuwait,Middle East,OPEC,Other crude inputs,Crude & NGL,0.0,0.0,0.0,,0.0,0.0
2012-02,2012,KW,Kuwait,Middle East,OPEC,Other products,Refined products,27.0,0.0,60.0,25.0,,0.0
2012-03,2012,KW,Kuwait,Middle East,OPEC,Crude oil,Crude & NGL,3031.0,0.0,2119.0,,912.0,0.0
2012-03,2012,KW,Kuwait,Middle East,OPEC,Diesel & gasoil,Refined products,230.0,0.0,238.0,23.0,,0.0
2012-03,2012,KW,Kuwait,Middle East,OPEC,Fuel oil,Refined products,200.0,0.0,107.0,92.0,,0.0
2012-03,2012,KW,Kuwait,Middle East,OPEC,Gasoline,Refined products,53.0,0.0,0.0,60.0,,0.0
2012-03,2012,KW,Kuwait,Middle East,OPEC,Kerosene & jet fuel,Refined products,188.0,0.0,181.0,13.0,,0.0
2012-03,2012,KW,Kuwait,Middle East,OPEC,LPG,Refined products,154.0,0.0,168.0,4.0,,0.0
2012-03,2012,KW,Kuwait,Middle East,OPEC,NGL,Crude & NGL,0.0,0.0,0.0,,0.0,0.0
2012-03,2012,KW,Kuwait,Middle East,OPEC,Naphtha,Refined products,209.0,0.0,148.0,0.0,,0.0
2012-03,2012,KW,Kuwait,Middle East,OPEC,Other crude inputs,Crude & NGL,0.0,0.0,0.0,,0.0,0.0
2012-03,2012,KW,Kuwait,Middle East,OPEC,Other products,Refined products,29.0,0.0,47.0,26.0,,0.0
2012-04,2012,KW,Kuwait,Middle East,OPEC,Crude oil,Crude & NGL,3007.0,0.0,2087.0,,919.0,0.0
2012-04,2012,KW,Kuwait,Middle East,OPEC,Diesel & gasoil,Refined products,231.0,0.0,253.0,55.0,,0.0
2012-04,2012,KW,Kuwait,Middle East,OPEC,Fuel oil,Refined products,202.0,0.0,88.0,77.0,,0.0
2012-04,2012,KW,Kuwait,Middle East,OPEC,Gasoline,Refined products,54.0,0.0,0.0,64.0,,0.0
2012-04,2012,KW,Kuwait,Middle East,OPEC,Kerosene & jet fuel,Refined products,189.0,0.0,196.0,14.0,,0.0
2012-04,2012,KW,Kuwait,Middle East,OPEC,LPG,Refined products,166.0,0.0,150.0,5.0,,0.0
2012-04,2012,KW,Kuwait,Middle East,OPEC,NGL,Crude & NGL,0.0,0.0,0.0,,0.0,0.0
2012-04,2012,KW,Kuwait,Middle East,OPEC,Naphtha,Refined products,211.0,0.0,106.0,0.0,,0.0
2012-04,2012,KW,Kuwait,Middle East,OPEC,Other crude inputs,Crude & NGL,0.0,0.0,0.0,,0.0,0.0
2012-04,2012,KW,Kuwait,Middle East,OPEC,Other products,Refined products,29.0,0.0,62.0,60.0,,0.0
2012-05,2012,KW,Kuwait,Middle East,OPEC,Crude oil,Crude & NGL,2984.0,0.0,2071.0,,912.0,0.0
2012-05,2012,KW,Kuwait,Middle East,OPEC,Diesel & gasoil,Refined products,230.0,0.0,249.0,74.0,,0.0
2012-05,2012,KW,Kuwait,Middle East,OPEC,Fuel oil,Refined products,201.0,0.0,84.0,80.0,,0.0
2012-05,2012,KW,Kuwait,Middle East,OPEC,Gasoline,Refined products,53.0,0.0,0.0,66.0,,0.0
2012-05,2012,KW,Kuwait,Middle East,OPEC,Kerosene & jet fuel,Refined products,188.0,0.0,188.0,14.0,,0.0
2012-05,2012,KW,Kuwait,Middle East,OPEC,LPG,Refined products,167.0,0.0,156.0,5.0,,0.0
2012-05,2012,KW,Kuwait,Middle East,OPEC,NGL,Crude & NGL,0.0,0.0,0.0,,0.0,0.0
2012-05,2012,KW,Kuwait,Middle East,OPEC,Naphtha,Refined products,209.0,0.0,102.0,0.0,,0.0
2012-05,2012,KW,Kuwait,Middle East,OPEC,Other crude inputs,Crude & NGL,0.0,0.0,0.0,,0.0,0.0
2012-05,2012,KW,Kuwait,Middle East,OPEC,Other products,Refined products,29.0,0.0,61.0,73.0,,0.0
2012-06,2012,KW,Kuwait,Middle East,OPEC,Crude oil,Crude & NGL,2981.0,0.0,2068.0,,913.0,0.0
2012-06,2012,KW,Kuwait,Middle East,OPEC,Diesel & gasoil,Refined products,230.0,0.0,179.0,77.0,,0.0
2012-06,2012,KW,Kuwait,Middle East,OPEC,Fuel oil,Refined products,201.0,0.0,137.0,86.0,,0.0
2012-06,2012,KW,Kuwait,Middle East,OPEC,Gasoline,Refined products,53.0,0.0,46.0,65.0,,0.0
2012-06,2012,KW,Kuwait,Middle East,OPEC,Kerosene & jet fuel,Refined products,188.0,0.0,105.0,14.0,,0.0
2012-06,2012,KW,Kuwait,Middle East,OPEC,LPG,Refined products,166.0,0.0,153.0,5.0,,0.0
2012-06,2012,KW,Kuwait,Middle East,OPEC,NGL,Crude & NGL,0.0,0.0,0.0,,0.0,0.0
2012-06,2012,KW,Kuwait,Middle East,OPEC,Naphtha,Refined products,209.0,0.0,145.0,0.0,,0.0
2012-06,2012,KW,Kuwait,Middle East,OPEC,Other crude inputs,Crude & NGL,0.0,0.0,0.0,,0.0,0.0
2012-06,2012,KW,Kuwait,Middle East,OPEC,Other products,Refined products,29.0,0.0,56.0,94.0,,0.0
2012-07,2012,KW,Kuwait,Middle East,OPEC,Crude oil,Crude & NGL,2945.0,0.0,2018.0,,927.0,0.0
2012-07,2012,KW,Kuwait,Middle East,OPEC,Diesel & gasoil,Refined products,225.0,0.0,182.0,78.0,,0.0
2012-07,2012,KW,Kuwait,Middle East,OPEC,Fuel oil,Refined products,197.0,0.0,139.0,87.0,,0.0
2012-07,2012,KW,Kuwait,Middle East,OPEC,Gasoline,Refined products,52.0,0.0,47.0,66.0,,0.0
2012-07,2012,KW,Kuwait,Middle East,OPEC,Kerosene & jet fuel,Refined products,184.0,0.0,107.0,15.0,,0.0
2012-07,2012,KW,Kuwait,Middle East,OPEC,LPG,Refined products,163.0,0.0,154.0,5.0,,0.0
2012-07,2012,KW,Kuwait,Middle East,OPEC,NGL,Crude & NGL,0.0,0.0,0.0,,0.0,0.0
2012-07,2012,KW,Kuwait,Middle East,OPEC,Naphtha,Refined products,205.0,0.0,148.0,0.0,,0.0
2012-07,2012,KW,Kuwait,Middle East,OPEC,Other crude inputs,Crude & NGL,0.0,0.0,0.0,,0.0,0.0
2012-07,2012,KW,Kuwait,Middle East,OPEC,Other products,Refined products,29.0,0.0,58.0,97.0,,0.0
2012-08,2012,KW,Kuwait,Middle East,OPEC,Crude oil,Crude & NGL,3025.0,0.0,2098.0,,927.0,0.0
2012-08,2012,KW,Kuwait,Middle East,OPEC,Diesel & gasoil,Refined products,233.0,0.0,163.0,101.0,,0.0
2012-08,2012,KW,Kuwait,Middle East,OPEC,Fuel oil,Refined products,204.0,0.0,125.0,112.0,,0.0
2012-08,2012,KW,Kuwait,Middle East,OPEC,Gasoline,Refined products,54.0,0.0,42.0,85.0,,0.0
2012-08,2012,KW,Kuwait,Middle East,OPEC,Kerosene & jet fuel,Refined products,191.0,0.0,96.0,19.0,,0.0
2012-08,2012,KW,Kuwait,Middle East,OPEC,LPG,Refined products,161.0,0.0,153.0,5.0,,0.0
2012-08,2012,KW,Kuwait,Middle East,OPEC,NGL,Crude & NGL,0.0,0.0,0.0,,0.0,0.0
2012-08,2012,KW,Kuwait,Middle East,OPEC,Naphtha,Refined products,213.0,0.0,132.0,0.0,,0.0
2012-08,2012,KW,Kuwait,Middle East,OPEC,Other crude inputs,Crude & NGL,0.0,0.0,0.0,,0.0,0.0
2012-08,2012,KW,Kuwait,Middle East,OPEC,Other products,Refined products,29.0,0.0,51.0,84.0,,0.0
2012-09,2012,KW,Kuwait,Middle East,OPEC,Crude oil,Crude & NGL,2900.0,0.0,1974.0,,926.0,0.0
2012-09,2012,KW,Kuwait,Middle East,OPEC,Diesel & gasoil,Refined products,233.0,0.0,198.0,77.0,,0.0
2012-09,2012,KW,Kuwait,Middle East,OPEC,Fuel oil,Refined products,204.0,0.0,121.0,86.0,,0.0
2012-09,2012,KW,Kuwait,Middle East,OPEC,Gasoline,Refined products,54.0,0.0,0.0,65.0,,0.0
2012-09,2012,KW,Kuwait,Middle East,OPEC,Kerosene & jet fuel,Refined products,190.0,0.0,184.0,14.0,,0.0
2012-09,2012,KW,Kuwait,Middle East,OPEC,LPG,Refined products,161.0,0.0,153.0,5.0,,0.0
2012-09,2012,KW,Kuwait,Middle East,OPEC,NGL,Crude & NGL,0.0,0.0,0.0,,0.0,0.0
2012-09,2012,KW,Kuwait,Middle East,OPEC,Naphtha,Refined products,212.0,0.0,122.0,0.0,,0.0
2012-09,2012,KW,Kuwait,Middle East,OPEC,Other crude inputs,Crude & NGL,0.0,0.0,0.0,,0.0,0.0
2012-09,2012,KW,Kuwait,Middle East,OPEC,Other products,Refined products,30.0,0.0,57.0,74.0,,0.0
2012-10,2012,KW,Kuwait,Middle East,OPEC,Crude oil,Crude & NGL,2919.0,0.0,1992.0,,927.0,0.0
2012-10,2012,KW,Kuwait,Middle East,OPEC,Diesel & gasoil,Refined products,263.0,0.0,207.0,88.0,,0.0
2012-10,2012,KW,Kuwait,Middle East,OPEC,Fuel oil,Refined products,213.0,0.0,59.0,98.0,,0.0
2012-10,2012,KW,Kuwait,Middle East,OPEC,Gasoline,Refined products,48.0,0.0,0.0,74.0,,0.0
2012-10,2012,KW,Kuwait,Middle East,OPEC,Kerosene & jet fuel,Refined products,187.0,0.0,184.0,16.0,,0.0
2012-10,2012,KW,Kuwait,Middle East,OPEC,LPG,Refined products,179.0,0.0,142.0,4.0,,0.0
2012-10,2012,KW,Kuwait,Middle East,OPEC,NGL,Crude & NGL,0.0,0.0,0.0,,0.0,0.0
2012-10,2012,KW,Kuwait,Middle East,OPEC,Naphtha,Refined products,170.0,0.0,143.0,0.0,,0.0
2012-10,2012,KW,Kuwait,Middle East,OPEC,Other crude inputs,Crude & NGL,0.0,0.0,0.0,,0.0,0.0
2012-10,2012,KW,Kuwait,Middle East,OPEC,Other products,Refined products,46.0,0.0,57.0,13.0,,0.0
2012-11,2012,KW,Kuwait,Middle East,OPEC,Crude oil,Crude & NGL,2985.0,0.0,2061.0,,924.0,0.0
2012-11,2012,KW,Kuwait,Middle East,OPEC,Diesel & gasoil,Refined products,259.0,0.0,162.0,88.0,,0.0
2012-11,2012,KW,Kuwait,Middle East,OPEC,Fuel oil,Refined products,195.0,0.0,105.0,98.0,,0.0
2012-11,2012,KW,Kuwait,Middle East,OPEC,Gasoline,Refined products,62.0,0.0,47.0,74.0,,0.0
2012-11,2012,KW,Kuwait,Middle East,OPEC,Kerosene & jet fuel,Refined products,193.0,0.0,142.0,16.0,,0.0
2012-11,2012,KW,Kuwait,Middle East,OPEC,LPG,Refined products,175.0,0.0,141.0,4.0,,0.0
2012-11,2012,KW,Kuwait,Middle East,OPEC,NGL,Crude & NGL,0.0,0.0,0.0,,0.0,0.0
2012-11,2012,KW,Kuwait,Middle East,OPEC,Naphtha,Refined products,167.0,0.0,132.0,0.0,,0.0
2012-11,2012,KW,Kuwait,Middle East,OPEC,Other crude inputs,Crude & NGL,0.0,0.0,0.0,,0.0,0.0
2012-11,2012,KW,Kuwait,Middle East,OPEC,Other products,Refined products,48.0,0.0,59.0,1.0,,0.0
2012-12,2012,KW,Kuwait,Middle East,OPEC,Crude oil,Crude & NGL,2988.0,0.0,2086.0,,902.0,0.0
2012-12,2012,KW,Kuwait,Middle East,OPEC,Diesel & gasoil,Refined products,233.0,0.0,216.0,79.0,,0.0
2012-12,2012,KW,Kuwait,Middle East,OPEC,Fuel oil,Refined products,238.0,0.0,66.0,88.0,,0.0
2012-12,2012,KW,Kuwait,Middle East,OPEC,Gasoline,Refined products,49.0,0.0,0.0,67.0,,0.0
2012-12,2012,KW,Kuwait,Middle East,OPEC,Kerosene & jet fuel,Refined products,180.0,0.0,187.0,15.0,,0.0
2012-12,2012,KW,Kuwait,Middle East,OPEC,LPG,Refined products,183.0,0.0,144.0,4.0,,0.0
2012-12,2012,KW,Kuwait,Middle East,OPEC,NGL,Crude & NGL,0.0,0.0,0.0,,0.0,0.0
2012-12,2012,KW,Kuwait,Middle East,OPEC,Naphtha,Refined products,155.0,0.0,157.0,0.0,,0.0
2012-12,2012,KW,Kuwait,Middle East,OPEC,Other crude inputs,Crude & NGL,0.0,0.0,0.0,,0.0,0.0
2012-12,2012,KW,Kuwait,Middle East,OPEC,Other products,Refined products,47.0,0.0,27.0,1.0,,0.0
2013-01,2013,KW,Kuwait,Middle East,OPEC,Crude oil,Crude & NGL,2876.0,0.0,1953.0,,924.0,0.0
2013-01,2013,KW,Kuwait,Middle East,OPEC,Diesel & gasoil,Refined products,218.0,0.0,223.0,78.0,,0.0
2013-01,2013,KW,Kuwait,Middle East,OPEC,Fuel oil,Refined products,264.0,0.0,101.0,87.0,,0.0
2013-01,2013,KW,Kuwait,Middle East,OPEC,Gasoline,Refined products,63.0,0.0,0.0,66.0,,0.0
2013-01,2013,KW,Kuwait,Middle East,OPEC,Kerosene & jet fuel,Refined products,182.0,0.0,173.0,15.0,,0.0
2013-01,2013,KW,Kuwait,Middle East,OPEC,LPG,Refined products,132.0,0.0,126.0,4.0,,0.0
2013-01,2013,KW,Kuwait,Middle East,OPEC,NGL,Crude & NGL,0.0,0.0,0.0,,0.0,0.0
2013-01,2013,KW,Kuwait,Middle East,OPEC,Naphtha,Refined products,154.0,0.0,152.0,0.0,,0.0
2013-01,2013,KW,Kuwait,Middle East,OPEC,Other crude inputs,Crude & NGL,0.0,0.0,0.0,,0.0,0.0
2013-01,2013,KW,Kuwait,Middle East,OPEC,Other products,Refined products,40.0,0.0,27.0,2.0,,0.0
2013-02,2013,KW,Kuwait,Middle East,OPEC,Crude oil,Crude & NGL,2840.0,0.0,1966.0,,874.0,0.0
2013-02,2013,KW,Kuwait,Middle East,OPEC,Diesel & gasoil,Refined products,219.0,0.0,218.0,68.0,,0.0
2013-02,2013,KW,Kuwait,Middle East,OPEC,Fuel oil,Refined products,197.0,0.0,67.0,75.0,,0.0
2013-02,2013,KW,Kuwait,Middle East,OPEC,Gasoline,Refined products,48.0,0.0,0.0,57.0,,0.0
2013-02,2013,KW,Kuwait,Middle East,OPEC,Kerosene & jet fuel,Refined products,150.0,0.0,189.0,13.0,,0.0
2013-02,2013,KW,Kuwait,Middle East,OPEC,LPG,Refined products,183.0,0.0,144.0,5.0,,0.0
2013-02,2013,KW,Kuwait,Middle East,OPEC,NGL,Crude & NGL,0.0,0.0,0.0,,0.0,0.0
2013-02,2013,KW,Kuwait,Middle East,OPEC,Naphtha,Refined products,142.0,0.0,159.0,0.0,,0.0
2013-02,2013,KW,Kuwait,Middle East,OPEC,Other crude inputs,Crude & NGL,0.0,0.0,0.0,,0.0,0.0
2013-02,2013,KW,Kuwait,Middle East,OPEC,Other products,Refined products,115.0,0.0,27.0,1.0,,0.0
2013-03,2013,KW,Kuwait,Middle East,OPEC,Crude oil,Crude & NGL,2725.0,0.0,1851.0,,874.0,0.0
2013-03,2013,KW,Kuwait,Middle East,OPEC,Diesel & gasoil,Refined products,219.0,0.0,207.0,78.0,,0.0
2013-03,2013,KW,Kuwait,Middle East,OPEC,Fuel oil,Refined products,197.0,0.0,64.0,87.0,,0.0
2013-03,2013,KW,Kuwait,Middle East,OPEC,Gasoline,Refined products,48.0,0.0,0.0,66.0,,0.0
2013-03,2013,KW,Kuwait,Middle East,OPEC,Kerosene & jet fuel,Refined products,150.0,0.0,180.0,15.0,,0.0
2013-03,2013,KW,Kuwait,Middle East,OPEC,LPG,Refined products,183.0,0.0,144.0,4.0,,0.0
2013-03,2013,KW,Kuwait,Middle East,OPEC,NGL,Crude & NGL,0.0,0.0,0.0,,0.0,0.0
2013-03,2013,KW,Kuwait,Middle East,OPEC,Naphtha,Refined products,142.0,0.0,151.0,0.0,,0.0
2013-03,2013,KW,Kuwait,Middle East,OPEC,Other crude inputs,Crude & NGL,0.0,0.0,0.0,,0.0,0.0
2013-03,2013,KW,Kuwait,Middle East,OPEC,Other products,Refined products,115.0,0.0,26.0,0.0,,0.0
2013-04,2013,KW,Kuwait,Middle East,OPEC,Crude oil,Crude & NGL,2970.0,0.0,2232.0,,738.0,0.0
2013-04,2013,KW,Kuwait,Middle East,OPEC,Diesel & gasoil,Refined products,158.0,0.0,156.0,87.0,,0.0
2013-04,2013,KW,Kuwait,Middle East,OPEC,Fuel oil,Refined products,193.0,0.0,66.0,97.0,,0.0
2013-04,2013,KW,Kuwait,Middle East,OPEC,Gasoline,Refined products,45.0,0.0,0.0,74.0,,0.0
2013-04,2013,KW,Kuwait,Middle East,OPEC,Kerosene & jet fuel,Refined products,132.0,0.0,117.0,16.0,,0.0
2013-04,2013,KW,Kuwait,Middle East,OPEC,LPG,Refined products,123.0,0.0,116.0,4.0,,0.0
2013-04,2013,KW,Kuwait,Middle East,OPEC,NGL,Crude & NGL,0.0,0.0,0.0,,0.0,0.0
2013-04,2013,KW,Kuwait,Middle East,OPEC,Naphtha,Refined products,112.0,0.0,103.0,0.0,,0.0
2013-04,2013,KW,Kuwait,Middle East,OPEC,Other crude inputs,Crude & NGL,0.0,0.0,0.0,,0.0,0.0
2013-04,2013,KW,Kuwait,Middle East,OPEC,Other products,Refined products,95.0,0.0,20.0,2.0,,0.0
2013-05,2013,KW,Kuwait,Middle East,OPEC,Crude oil,Crude & NGL,2960.0,0.0,2229.0,,731.0,0.0
2013-05,2013,KW,Kuwait,Middle East,OPEC,Diesel & gasoil,Refined products,172.0,0.0,163.0,74.0,,0.0
2013-05,2013,KW,Kuwait,Middle East,OPEC,Fuel oil,Refined products,211.0,0.0,37.0,82.0,,0.0
2013-05,2013,KW,Kuwait,Middle East,OPEC,Gasoline,Refined products,49.0,0.0,0.0,62.0,,0.0
2013-05,2013,KW,Kuwait,Middle East,OPEC,Kerosene & jet fuel,Refined products,144.0,0.0,144.0,14.0,,0.0
2013-05,2013,KW,Kuwait,Middle East,OPEC,LPG,Refined products,0.0,0.0,0.0,4.0,,0.0
2013-05,2013,KW,Kuwait,Middle East,OPEC,NGL,Crude & NGL,0.0,0.0,0.0,,0.0,0.0
2013-05,2013,KW,Kuwait,Middle East,OPEC,Naphtha,Refined products,122.0,0.0,135.0,0.0,,0.0
2013-05,2013,KW,Kuwait,Middle East,OPEC,Other crude inputs,Crude & NGL,0.0,0.0,0.0,,0.0,0.0
2013-05,2013,KW,Kuwait,Middle East,OPEC,Other products,Refined products,33.0,0.0,19.0,66.0,,0.0
2013-06,2013,KW,Kuwait,Middle East,OPEC,Crude oil,Crude & NGL,2980.0,0.0,2086.0,,894.0,0.0
2013-06,2013,KW,Kuwait,Middle East,OPEC,Diesel & gasoil,Refined products,211.0,0.0,223.0,51.0,,0.0
2013-06,2013,KW,Kuwait,Middle East,OPEC,Fuel oil,Refined products,258.0,0.0,71.0,123.0,,0.0
2013-06,2013,KW,Kuwait,Middle East,OPEC,Gasoline,Refined products,61.0,0.0,0.0,56.0,,0.0
2013-06,2013,KW,Kuwait,Middle East,OPEC,Kerosene & jet fuel,Refined products,177.0,0.0,181.0,10.0,,0.0
2013-06,2013,KW,Kuwait,Middle East,OPEC,LPG,Refined products,120.0,0.0,114.0,4.0,,0.0
2013-06,2013,KW,Kuwait,Middle East,OPEC,NGL,Crude & NGL,0.0,0.0,0.0,,0.0,0.0
2013-06,2013,KW,Kuwait,Middle East,OPEC,Naphtha,Refined products,149.0,0.0,157.0,0.0,,0.0
2013-06,2013,KW,Kuwait,Middle East,OPEC,Other crude inputs,Crude & NGL,0.0,0.0,0.0,,0.0,0.0
2013-06,2013,KW,Kuwait,Middle East,OPEC,Other products,Refined products,38.0,0.0,21.0,77.0,,0.0
2013-07,2013,KW,Kuwait,Middle East,OPEC,Crude oil,Crude & NGL,3011.0,0.0,2125.0,,886.0,0.0
2013-07,2013,KW,Kuwait,Middle East,OPEC,Diesel & gasoil,Refined products,209.0,0.0,211.0,63.0,,0.0
2013-07,2013,KW,Kuwait,Middle East,OPEC,Fuel oil,Refined products,256.0,0.0,67.0,116.0,,0.0
2013-07,2013,KW,Kuwait,Middle East,OPEC,Gasoline,Refined products,60.0,0.0,0.0,70.0,,0.0
2013-07,2013,KW,Kuwait,Middle East,OPEC,Kerosene & jet fuel,Refined products,175.0,0.0,171.0,17.0,,0.0
2013-07,2013,KW,Kuwait,Middle East,OPEC,LPG,Refined products,120.0,0.0,114.0,4.0,,0.0
2013-07,2013,KW,Kuwait,Middle East,OPEC,NGL,Crude & NGL,0.0,0.0,0.0,,0.0,0.0
2013-07,2013,KW,Kuwait,Middle East,OPEC,Naphtha,Refined products,148.0,0.0,149.0,0.0,,0.0
2013-07,2013,KW,Kuwait,Middle East,OPEC,Other crude inputs,Crude & NGL,0.0,0.0,0.0,,0.0,0.0
2013-07,2013,KW,Kuwait,Middle East,OPEC,Other products,Refined products,38.0,0.0,20.0,89.0,,0.0
2013-08,2013,KW,Kuwait,Middle East,OPEC,Crude oil,Crude & NGL,2995.0,0.0,2208.0,,787.0,0.0
2013-08,2013,KW,Kuwait,Middle East,OPEC,Diesel & gasoil,Refined products,223.0,0.0,186.0,57.0,,0.0
2013-08,2013,KW,Kuwait,Middle East,OPEC,Fuel oil,Refined products,175.0,0.0,59.0,105.0,,0.0
2013-08,2013,KW,Kuwait,Middle East,OPEC,Gasoline,Refined products,45.0,0.0,0.0,63.0,,0.0
2013-08,2013,KW,Kuwait,Middle East,OPEC,Kerosene & jet fuel,Refined products,161.0,0.0,151.0,16.0,,0.0
2013-08,2013,KW,Kuwait,Middle East,OPEC,LPG,Refined products,120.0,0.0,114.0,4.0,,0.0
2013-08,2013,KW,Kuwait,Middle East,OPEC,NGL,Crude & NGL,0.0,0.0,0.0,,0.0,0.0
2013-08,2013,KW,Kuwait,Middle East,OPEC,Naphtha,Refined products,148.0,0.0,131.0,0.0,,0.0
2013-08,2013,KW,Kuwait,Middle East,OPEC,Other crude inputs,Crude & NGL,0.0,0.0,0.0,,0.0,0.0
2013-08,2013,KW,Kuwait,Middle East,OPEC,Other products,Refined products,35.0,0.0,18.0,59.0,,0.0
2013-09,2013,KW,Kuwait,Middle East,OPEC,Crude oil,Crude & NGL,2969.0,0.0,2078.0,,892.0,0.0
2013-09,2013,KW,Kuwait,Middle East,OPEC,Diesel & gasoil,Refined products,252.0,0.0,194.0,68.0,,0.0
2013-09,2013,KW,Kuwait,Middle East,OPEC,Fuel oil,Refined products,198.0,0.0,66.0,126.0,,0.0
2013-09,2013,KW,Kuwait,Middle East,OPEC,Gasoline,Refined products,51.0,0.0,0.0,76.0,,0.0
2013-09,2013,KW,Kuwait,Middle East,OPEC,Kerosene & jet fuel,Refined products,183.0,0.0,173.0,19.0,,0.0
2013-09,2013,KW,Kuwait,Middle East,OPEC,LPG,Refined products,120.0,0.0,114.0,4.0,,0.0
2013-09,2013,KW,Kuwait,Middle East,OPEC,NGL,Crude & NGL,0.0,0.0,0.0,,0.0,0.0
2013-09,2013,KW,Kuwait,Middle East,OPEC,Naphtha,Refined products,168.0,0.0,144.0,0.0,,0.0
2013-09,2013,KW,Kuwait,Middle East,OPEC,Other crude inputs,Crude & NGL,0.0,0.0,0.0,,0.0,0.0
2013-09,2013,KW,Kuwait,Middle East,OPEC,Other products,Refined products,40.0,0.0,24.0,25.0,,0.0
2013-10,2013,KW,Kuwait,Middle East,OPEC,Crude oil,Crude & NGL,2873.0,0.0,1946.0,,927.0,0.0
2013-10,2013,KW,Kuwait,Middle East,OPEC,Diesel & gasoil,Refined products,262.0,0.0,232.0,57.0,,0.0
2013-10,2013,KW,Kuwait,Middle East,OPEC,Fuel oil,Refined products,206.0,0.0,39.0,105.0,,0.0
2013-10,2013,KW,Kuwait,Middle East,OPEC,Gasoline,Refined products,53.0,0.0,0.0,63.0,,0.0
2013-10,2013,KW,Kuwait,Middle East,OPEC,Kerosene & jet fuel,Refined products,190.0,0.0,196.0,16.0,,0.0
2013-10,2013,KW,Kuwait,Middle East,OPEC,LPG,Refined products,151.0,0.0,114.0,4.0,,0.0
2013-10,2013,KW,Kuwait,Middle East,OPEC,NGL,Crude & NGL,0.0,0.0,0.0,,0.0,0.0
2013-10,2013,KW,Kuwait,Middle East,OPEC,Naphtha,Refined products,175.0,0.0,188.0,0.0,,0.0
2013-10,2013,KW,Kuwait,Middle East,OPEC,Other crude inputs,Crude & NGL,0.0,0.0,0.0,,0.0,0.0
2013-10,2013,KW,Kuwait,Middle East,OPEC,Other products,Refined products,41.0,0.0,29.0,1.0,,0.0
2013-11,2013,KW,Kuwait,Middle East,OPEC,Crude oil,Crude & NGL,2922.0,0.0,2010.0,,912.0,0.0
2013-11,2013,KW,Kuwait,Middle East,OPEC,Diesel & gasoil,Refined products,262.0,0.0,210.0,67.0,,0.0
2013-11,2013,KW,Kuwait,Middle East,OPEC,Fuel oil,Refined products,189.0,0.0,35.0,140.0,,0.0
2013-11,2013,KW,Kuwait,Middle East,OPEC,Gasoline,Refined products,60.0,0.0,0.0,65.0,,0.0
2013-11,2013,KW,Kuwait,Middle East,OPEC,Kerosene & jet fuel,Refined products,187.0,0.0,178.0,16.0,,0.0
2013-11,2013,KW,Kuwait,Middle East,OPEC,LPG,Refined products,151.0,0.0,151.0,4.0,,0.0
2013-11,2013,KW,Kuwait,Middle East,OPEC,NGL,Crude & NGL,0.0,0.0,0.0,,0.0,0.0
2013-11,2013,KW,Kuwait,Middle East,OPEC,Naphtha,Refined products,169.0,0.0,171.0,0.0,,0.0
2013-11,2013,KW,Kuwait,Middle East,OPEC,Other crude inputs,Crude & NGL,0.0,0.0,0.0,,0.0,0.0
2013-11,2013,KW,Kuwait,Middle East,OPEC,Other products,Refined products,45.0,0.0,28.0,2.0,,0.0
2013-12,2013,KW,Kuwait,Middle East,OPEC,Crude oil,Crude & NGL,2940.0,0.0,2016.0,,924.0,0.0
2013-12,2013,KW,Kuwait,Middle East,OPEC,Diesel & gasoil,Refined products,266.0,0.0,225.0,60.0,,0.0
2013-12,2013,KW,Kuwait,Middle East,OPEC,Fuel oil,Refined products,191.0,0.0,54.0,125.0,,0.0
2013-12,2013,KW,Kuwait,Middle East,OPEC,Gasoline,Refined products,61.0,0.0,0.0,58.0,,0.0
2013-12,2013,KW,Kuwait,Middle East,OPEC,Kerosene & jet fuel,Refined products,190.0,0.0,185.0,14.0,,0.0
2013-12,2013,KW,Kuwait,Middle East,OPEC,LPG,Refined products,151.0,0.0,151.0,4.0,,0.0
2013-12,2013,KW,Kuwait,Middle East,OPEC,NGL,Crude & NGL,0.0,0.0,0.0,,0.0,0.0
2013-12,2013,KW,Kuwait,Middle East,OPEC,Naphtha,Refined products,171.0,0.0,175.0,0.0,,0.0
2013-12,2013,KW,Kuwait,Middle East,OPEC,Other crude inputs,Crude & NGL,0.0,0.0,0.0,,0.0,0.0
2013-12,2013,KW,Kuwait,Middle East,OPEC,Other products,Refined products,45.0,0.0,26.0,2.0,,0.0
2014-01,2014,KW,Kuwait,Middle East,OPEC,Crude oil,Crude & NGL,2920.0,0.0,2060.0,,860.0,0.0
2014-01,2014,KW,Kuwait,Middle East,OPEC,Diesel & gasoil,Refined products,248.0,0.0,206.0,41.0,,0.0
2014-01,2014,KW,Kuwait,Middle East,OPEC,Fuel oil,Refined products,178.0,0.0,49.0,130.0,,0.0
2014-01,2014,KW,Kuwait,Middle East,OPEC,Gasoline,Refined products,56.0,0.0,0.0,64.0,,0.0
2014-01,2014,KW,Kuwait,Middle East,OPEC,Kerosene & jet fuel,Refined products,177.0,0.0,170.0,14.0,,0.0
2014-01,2014,KW,Kuwait,Middle East,OPEC,LPG,Refined products,142.0,0.0,130.0,4.0,,0.0
2014-01,2014,KW,Kuwait,Middle East,OPEC,NGL,Crude & NGL,0.0,0.0,0.0,,0.0,0.0
2014-01,2014,KW,Kuwait,Middle East,OPEC,Naphtha,Refined products,160.0,0.0,161.0,0.0,,0.0
2014-01,2014,KW,Kuwait,Middle East,OPEC,Other crude inputs,Crude & NGL,0.0,0.0,0.0,,0.0,0.0
2014-01,2014,KW,Kuwait,Middle East,OPEC,Other products,Refined products,41.0,0.0,23.0,4.0,,0.0
2014-02,2014,KW,Kuwait,Middle East,OPEC,Crude oil,Crude & NGL,2917.0,0.0,2046.0,,871.0,0.0
2014-02,2014,KW,Kuwait,Middle East,OPEC,Diesel & gasoil,Refined products,232.0,0.0,208.0,39.0,,0.0
2014-02,2014,KW,Kuwait,Middle East,OPEC,Fuel oil,Refined products,170.0,0.0,50.0,123.0,,0.0
2014-02,2014,KW,Kuwait,Middle East,OPEC,Gasoline,Refined products,41.0,0.0,0.0,62.0,,0.0
2014-02,2014,KW,Kuwait,Middle East,OPEC,Kerosene & jet fuel,Refined products,189.0,0.0,178.0,14.0,,0.0
2014-02,2014,KW,Kuwait,Middle East,OPEC,LPG,Refined products,147.0,0.0,142.0,4.0,,0.0
2014-02,2014,KW,Kuwait,Middle East,OPEC,NGL,Crude & NGL,0.0,0.0,0.0,,0.0,0.0
2014-02,2014,KW,Kuwait,Middle East,OPEC,Naphtha,Refined products,211.0,0.0,174.0,0.0,,0.0
2014-02,2014,KW,Kuwait,Middle East,OPEC,Other crude inputs,Crude & NGL,0.0,0.0,0.0,,0.0,0.0
2014-02,2014,KW,Kuwait,Middle East,OPEC,Other products,Refined products,28.0,0.0,22.0,31.0,,0.0
2014-03,2014,KW,Kuwait,Middle East,OPEC,Crude oil,Crude & NGL,2860.0,0.0,1938.0,,922.0,0.0
2014-03,2014,KW,Kuwait,Middle East,OPEC,Diesel & gasoil,Refined products,246.0,0.0,224.0,35.0,,0.0
2014-03,2014,KW,Kuwait,Middle East,OPEC,Fuel oil,Refined products,180.0,0.0,54.0,124.0,,0.0
2014-03,2014,KW,Kuwait,Middle East,OPEC,Gasoline,Refined products,44.0,0.0,0.0,62.0,,0.0
2014-03,2014,KW,Kuwait,Middle East,OPEC,Kerosene & jet fuel,Refined products,200.0,0.0,191.0,14.0,,0.0
2014-03,2014,KW,Kuwait,Middle East,OPEC,LPG,Refined products,147.0,0.0,142.0,4.0,,0.0
2014-03,2014,KW,Kuwait,Middle East,OPEC,NGL,Crude & NGL,0.0,0.0,0.0,,0.0,0.0
2014-03,2014,KW,Kuwait,Middle East,OPEC,Naphtha,Refined products,223.0,0.0,188.0,0.0,,0.0
2014-03,2014,KW,Kuwait,Middle East,OPEC,Other crude inputs,Crude & NGL,0.0,0.0,0.0,,0.0,0.0
2014-03,2014,KW,Kuwait,Middle East,OPEC,Other products,Refined products,29.0,0.0,24.0,32.0,,0.0
2014-04,2014,KW,Kuwait,Middle East,OPEC,Crude oil,Crude & NGL,2927.0,0.0,2030.0,,897.0,0.0
2014-04,2014,KW,Kuwait,Middle East,OPEC,Diesel & gasoil,Refined products,239.0,0.0,203.0,56.0,,0.0
2014-04,2014,KW,Kuwait,Middle East,OPEC,Fuel oil,Refined products,175.0,0.0,49.0,130.0,,0.0
2014-04,2014,KW,Kuwait,Middle East,OPEC,Gasoline,Refined products,43.0,0.0,0.0,79.0,,0.0
2014-04,2014,KW,Kuwait,Middle East,OPEC,Kerosene & jet fuel,Refined products,194.0,0.0,173.0,13.0,,0.0
2014-04,2014,KW,Kuwait,Middle East,OPEC,LPG,Refined products,145.0,0.0,96.0,4.0,,0.0
2014-04,2014,KW,Kuwait,Middle East,OPEC,NGL,Crude & NGL,0.0,0.0,0.0,,0.0,0.0
2014-04,2014,KW,Kuwait,Middle East,OPEC,Naphtha,Refined products,217.0,0.0,170.0,0.0,,0.0
2014-04,2014,KW,Kuwait,Middle East,OPEC,Other crude inputs,Crude & NGL,0.0,0.0,0.0,,0.0,0.0
2014-04,2014,KW,Kuwait,Middle East,OPEC,Other products,Refined products,29.0,0.0,21.0,3.0,,0.0
2014-05,2014,KW,Kuwait,Middle East,OPEC,Crude oil,Crude & NGL,2927.0,0.0,2030.0,,897.0,0.0
2014-05,2014,KW,Kuwait,Middle East,OPEC,Diesel & gasoil,Refined products,270.0,0.0,218.0,47.0,,0.0
2014-05,2014,KW,Kuwait,Middle East,OPEC,Fuel oil,Refined products,119.0,0.0,52.0,110.0,,0.0
2014-05,2014,KW,Kuwait,Middle East,OPEC,Gasoline,Refined products,12.0,0.0,0.0,67.0,,0.0
2014-05,2014,KW,Kuwait,Middle East,OPEC,Kerosene & jet fuel,Refined products,218.0,0.0,186.0,11.0,,0.0
2014-05,2014,KW,Kuwait,Middle East,OPEC,LPG,Refined products,22.0,0.0,96.0,4.0,,0.0
2014-05,2014,KW,Kuwait,Middle East,OPEC,NGL,Crude & NGL,0.0,0.0,0.0,,0.0,0.0
2014-05,2014,KW,Kuwait,Middle East,OPEC,Naphtha,Refined products,212.0,0.0,182.0,0.0,,0.0
2014-05,2014,KW,Kuwait,Middle East,OPEC,Other crude inputs,Crude & NGL,0.0,0.0,0.0,,0.0,0.0
2014-05,2014,KW,Kuwait,Middle East,OPEC,Other products,Refined products,44.0,0.0,23.0,1.0,,0.0
2014-06,2014,KW,Kuwait,Middle East,OPEC,Crude oil,Crude & NGL,2800.0,0.0,1903.0,,897.0,0.0
2014-06,2014,KW,Kuwait,Middle East,OPEC,Diesel & gasoil,Refined products,270.0,0.0,207.0,53.0,,0.0
2014-06,2014,KW,Kuwait,Middle East,OPEC,Fuel oil,Refined products,119.0,0.0,50.0,125.0,,0.0
2014-06,2014,KW,Kuwait,Middle East,OPEC,Gasoline,Refined products,12.0,0.0,0.0,76.0,,0.0
2014-06,2014,KW,Kuwait,Middle East,OPEC,Kerosene & jet fuel,Refined products,218.0,0.0,176.0,13.0,,0.0
2014-06,2014,KW,Kuwait,Middle East,OPEC,LPG,Refined products,22.0,0.0,96.0,4.0,,0.0
2014-06,2014,KW,Kuwait,Middle East,OPEC,NGL,Crude & NGL,0.0,0.0,0.0,,0.0,0.0
2014-06,2014,KW,Kuwait,Middle East,OPEC,Naphtha,Refined products,212.0,0.0,173.0,0.0,,0.0
2014-06,2014,KW,Kuwait,Middle East,OPEC,Other crude inputs,Crude & NGL,0.0,0.0,0.0,,0.0,0.0
2014-06,2014,KW,Kuwait,Middle East,OPEC,Other products,Refined products,44.0,0.0,23.0,87.0,,0.0
2014-07,2014,KW,Kuwait,Middle East,OPEC,Crude oil,Crude & NGL,2880.0,0.0,1991.0,,889.0,0.0
2014-07,2014,KW,Kuwait,Middle East,OPEC,Diesel & gasoil,Refined products,267.0,0.0,221.0,63.0,,0.0
2014-07,2014,KW,Kuwait,Middle East,OPEC,Fuel oil,Refined products,118.0,0.0,42.0,102.0,,0.0
2014-07,2014,KW,Kuwait,Middle East,OPEC,Gasoline,Refined products,12.0,0.0,0.0,64.0,,0.0
2014-07,2014,KW,Kuwait,Middle East,OPEC,Kerosene & jet fuel,Refined products,216.0,0.0,176.0,14.0,,0.0
2014-07,2014,KW,Kuwait,Middle East,OPEC,LPG,Refined products,21.0,0.0,96.0,4.0,,0.0
2014-07,2014,KW,Kuwait,Middle East,OPEC,NGL,Crude & NGL,0.0,0.0,0.0,,0.0,0.0
2014-07,2014,KW,Kuwait,Middle East,OPEC,Naphtha,Refined products,210.0,0.0,185.0,0.0,,0.0
2014-07,2014,KW,Kuwait,Middle East,OPEC,Other crude inputs,Crude & NGL,0.0,0.0,0.0,,0.0,0.0
2014-07,2014,KW,Kuwait,Middle East,OPEC,Other products,Refined products,45.0,0.0,20.0,81.0,,0.0
2014-08,2014,KW,Kuwait,Middle East,OPEC,Crude oil,Crude & NGL,2880.0,0.0,1991.0,,889.0,0.0
2014-08,2014,KW,Kuwait,Middle East,OPEC,Diesel & gasoil,Refined products,267.0,0.0,221.0,63.0,,0.0
2014-08,2014,KW,Kuwait,Middle East,OPEC,Fuel oil,Refined products,118.0,0.0,42.0,102.0,,0.0
2014-08,2014,KW,Kuwait,Middle East,OPEC,Gasoline,Refined products,12.0,0.0,0.0,64.0,,0.0
2014-08,2014,KW,Kuwait,Middle East,OPEC,Kerosene & jet fuel,Refined products,216.0,0.0,176.0,14.0,,0.0
2014-08,2014,KW,Kuwait,Middle East,OPEC,LPG,Refined products,21.0,0.0,96.0,4.0,,0.0
2014-08,2014,KW,Kuwait,Middle East,OPEC,NGL,Crude & NGL,0.0,0.0,0.0,,0.0,0.0
2014-08,2014,KW,Kuwait,Middle East,OPEC,Naphtha,Refined products,210.0,0.0,185.0,0.0,,0.0
2014-08,2014,KW,Kuwait,Middle East,OPEC,Other crude inputs,Crude & NGL,0.0,0.0,0.0,,0.0,0.0
2014-08,2014,KW,Kuwait,Middle East,OPEC,Other products,Refined products,45.0,0.0,20.0,81.0,,0.0
2014-09,2014,KW,Kuwait,Middle East,OPEC,Crude oil,Crude & NGL,2900.0,0.0,2097.0,,803.0,0.0
2014-09,2014,KW,Kuwait,Middle East,OPEC,Diesel & gasoil,Refined products,242.0,0.0,194.0,61.0,,0.0
2014-09,2014,KW,Kuwait,Middle East,OPEC,Fuel oil,Refined products,106.0,0.0,37.0,99.0,,0.0
2014-09,2014,KW,Kuwait,Middle East,OPEC,Gasoline,Refined products,11.0,0.0,0.0,62.0,,0.0
2014-09,2014,KW,Kuwait,Middle East,OPEC,Kerosene & jet fuel,Refined products,196.0,0.0,154.0,14.0,,0.0
2014-09,2014,KW,Kuwait,Middle East,OPEC,LPG,Refined products,19.0,0.0,96.0,4.0,,0.0
2014-09,2014,KW,Kuwait,Middle East,OPEC,NGL,Crude & NGL,0.0,0.0,0.0,,0.0,0.0
2014-09,2014,KW,Kuwait,Middle East,OPEC,Naphtha,Refined products,190.0,0.0,163.0,0.0,,0.0
2014-09,2014,KW,Kuwait,Middle East,OPEC,Other crude inputs,Crude & NGL,0.0,0.0,0.0,,0.0,0.0
2014-09,2014,KW,Kuwait,Middle East,OPEC,Other products,Refined products,39.0,0.0,18.0,64.0,,0.0
2014-10,2014,KW,Kuwait,Middle East,OPEC,Crude oil,Crude & NGL,2831.0,0.0,2006.0,,825.0,0.0
2014-10,2014,KW,Kuwait,Middle East,OPEC,Diesel & gasoil,Refined products,193.0,0.0,149.0,70.0,,0.0
2014-10,2014,KW,Kuwait,Middle East,OPEC,Fuel oil,Refined products,169.0,0.0,104.0,66.0,,0.0
2014-10,2014,KW,Kuwait,Middle East,OPEC,Gasoline,Refined products,69.0,0.0,52.0,67.0,,0.0
2014-10,2014,KW,Kuwait,Middle East,OPEC,Kerosene & jet fuel,Refined products,184.0,0.0,111.0,17.0,,0.0
2014-10,2014,KW,Kuwait,Middle East,OPEC,LPG,Refined products,10.0,0.0,116.0,4.0,,0.0
2014-10,2014,KW,Kuwait,Middle East,OPEC,NGL,Crude & NGL,0.0,0.0,0.0,,0.0,0.0
2014-10,2014,KW,Kuwait,Middle East,OPEC,Naphtha,Refined products,174.0,0.0,161.0,0.0,,0.0
2014-10,2014,KW,Kuwait,Middle East,OPEC,Other crude inputs,Crude & NGL,0.0,0.0,0.0,,0.0,0.0
2014-10,2014,KW,Kuwait,Middle East,OPEC,Other products,Refined products,26.0,0.0,26.0,16.0,,0.0
2014-11,2014,KW,Kuwait,Middle East,OPEC,Crude oil,Crude & NGL,2790.0,0.0,1896.0,,894.0,0.0
2014-11,2014,KW,Kuwait,Middle East,OPEC,Diesel & gasoil,Refined products,241.0,0.0,199.0,69.0,,0.0
2014-11,2014,KW,Kuwait,Middle East,OPEC,Fuel oil,Refined products,184.0,0.0,151.0,65.0,,0.0
2014-11,2014,KW,Kuwait,Middle East,OPEC,Gasoline,Refined products,70.0,0.0,0.0,66.0,,0.0
2014-11,2014,KW,Kuwait,Middle East,OPEC,Kerosene & jet fuel,Refined products,182.0,0.0,154.0,17.0,,0.0
2014-11,2014,KW,Kuwait,Middle East,OPEC,LPG,Refined products,9.0,0.0,116.0,4.0,,0.0
2014-11,2014,KW,Kuwait,Middle East,OPEC,NGL,Crude & NGL,0.0,0.0,0.0,,0.0,0.0
2014-11,2014,KW,Kuwait,Middle East,OPEC,Naphtha,Refined products,182.0,0.0,146.0,0.0,,0.0
2014-11,2014,KW,Kuwait,Middle East,OPEC,Other crude inputs,Crude & NGL,0.0,0.0,0.0,,0.0,0.0
2014-11,2014,KW,Kuwait,Middle East,OPEC,Other products,Refined products,26.0,0.0,27.0,1.0,,0.0
2014-12,2014,KW,Kuwait,Middle East,OPEC,Crude oil,Crude & NGL,2800.0,0.0,2006.0,,794.0,0.0
2014-12,2014,KW,Kuwait,Middle East,OPEC,Diesel & gasoil,Refined products,219.0,0.0,180.0,67.0,,0.0
2014-12,2014,KW,Kuwait,Middle East,OPEC,Fuel oil,Refined products,163.0,0.0,117.0,64.0,,0.0
2014-12,2014,KW,Kuwait,Middle East,OPEC,Gasoline,Refined products,59.0,0.0,0.0,64.0,,0.0
2014-12,2014,KW,Kuwait,Middle East,OPEC,Kerosene & jet fuel,Refined products,160.0,0.0,134.0,16.0,,0.0
2014-12,2014,KW,Kuwait,Middle East,OPEC,LPG,Refined products,9.0,0.0,144.0,4.0,,0.0
2014-12,2014,KW,Kuwait,Middle East,OPEC,NGL,Crude & NGL,0.0,0.0,0.0,,0.0,0.0
2014-12,2014,KW,Kuwait,Middle East,OPEC,Naphtha,Refined products,162.0,0.0,126.0,0.0,,0.0
2014-12,2014,KW,Kuwait,Middle East,OPEC,Other crude inputs,Crude & NGL,0.0,0.0,0.0,,0.0,0.0
2014-12,2014,KW,Kuwait,Middle East,OPEC,Other products,Refined products,22.0,0.0,23.0,5.0,,0.0
2015-01,2015,KW,Kuwait,Middle East,OPEC,Crude oil,Crude & NGL,2850.0,0.0,2034.0,,816.0,0.0
2015-01,2015,KW,Kuwait,Middle East,OPEC,Diesel & gasoil,Refined products,225.0,0.0,177.0,47.0,,0.0
2015-01,2015,KW,Kuwait,Middle East,OPEC,Fuel oil,Refined products,167.0,0.0,116.0,93.0,,0.0
2015-01,2015,KW,Kuwait,Middle East,OPEC,Gasoline,Refined products,61.0,0.0,0.0,69.0,,0.0
2015-01,2015,KW,Kuwait,Middle East,OPEC,Kerosene & jet fuel,Refined products,165.0,0.0,132.0,19.0,,0.0
2015-01,2015,KW,Kuwait,Middle East,OPEC,LPG,Refined products,9.0,0.0,144.0,5.0,,0.0
2015-01,2015,KW,Kuwait,Middle East,OPEC,NGL,Crude & NGL,0.0,0.0,0.0,,0.0,0.0
2015-01,2015,KW,Kuwait,Middle East,OPEC,Naphtha,Refined products,166.0,0.0,124.0,0.0,,0.0
2015-01,2015,KW,Kuwait,Middle East,OPEC,Other crude inputs,Crude & NGL,0.0,0.0,0.0,,0.0,0.0
2015-01,2015,KW,Kuwait,Middle East,OPEC,Other products,Refined products,23.0,0.0,23.0,2.0,,0.0
2015-02,2015,KW,Kuwait,Middle East,OPEC,Other crude inputs,Crude & NGL,0.0,0.0,0.0,,0.0,0.0
2015-03,2015,KW,Kuwait,Middle East,OPEC,Crude oil,Crude & NGL,2850.0,0.0,1911.0,,939.0,0.0
2015-03,2015,KW,Kuwait,Middle East,OPEC,Diesel & gasoil,Refined products,224.0,0.0,167.0,62.0,,0.0
2015-03,2015,KW,Kuwait,Middle East,OPEC,Fuel oil,Refined products,227.0,0.0,147.0,106.0,,0.0
2015-03,2015,KW,Kuwait,Middle East,OPEC,Gasoline,Refined products,59.0,0.0,55.0,71.0,,0.0
2015-03,2015,KW,Kuwait,Middle East,OPEC,Kerosene & jet fuel,Refined products,197.0,0.0,125.0,13.0,,0.0
2015-03,2015,KW,Kuwait,Middle East,OPEC,LPG,Refined products,156.0,0.0,153.0,5.0,,0.0
2015-03,2015,KW,Kuwait,Middle East,OPEC,NGL,Crude & NGL,0.0,0.0,0.0,,0.0,0.0
2015-03,2015,KW,Kuwait,Middle East,OPEC,Naphtha,Refined products,200.0,0.0,164.0,0.0,,0.0
2015-03,2015,KW,Kuwait,Middle East,OPEC,Other crude inputs,Crude & NGL,0.0,0.0,0.0,,0.0,0.0
2015-03,2015,KW,Kuwait,Middle East,OPEC,Other products,Refined products,22.0,0.0,25.0,13.0,,0.0
2015-04,2015,KW,Kuwait,Middle East,OPEC,Crude oil,Crude & NGL,2860.0,0.0,1927.0,,933.0,0.0
2015-04,2015,KW,Kuwait,Middle East,OPEC,Diesel & gasoil,Refined products,254.0,0.0,159.0,64.0,,0.0
2015-04,2015,KW,Kuwait,Middle East,OPEC,Fuel oil,Refined products,230.0,0.0,155.0,105.0,,0.0
2015-04,2015,KW,Kuwait,Middle East,OPEC,Gasoline,Refined products,28.0,0.0,0.0,73.0,,0.0
2015-04,2015,KW,Kuwait,Middle East,OPEC,Kerosene & jet fuel,Refined products,181.0,0.0,170.0,17.0,,0.0
2015-04,2015,KW,Kuwait,Middle East,OPEC,LPG,Refined products,169.0,0.0,125.0,5.0,,0.0
2015-04,2015,KW,Kuwait,Middle East,OPEC,NGL,Crude & NGL,0.0,0.0,0.0,,0.0,0.0
2015-04,2015,KW,Kuwait,Middle East,OPEC,Naphtha,Refined products,213.0,0.0,161.0,0.0,,0.0
2015-04,2015,KW,Kuwait,Middle East,OPEC,Other crude inputs,Crude & NGL,0.0,0.0,0.0,,0.0,0.0
2015-04,2015,KW,Kuwait,Middle East,OPEC,Other products,Refined products,28.0,0.0,22.0,5.0,,0.0
2015-05,2015,KW,Kuwait,Middle East,OPEC,Crude oil,Crude & NGL,2830.0,0.0,1895.0,,935.0,0.0
2015-05,2015,KW,Kuwait,Middle East,OPEC,Diesel & gasoil,Refined products,222.0,0.0,171.0,69.0,,0.0
2015-05,2015,KW,Kuwait,Middle East,OPEC,Fuel oil,Refined products,255.0,0.0,128.0,119.0,,0.0
2015-05,2015,KW,Kuwait,Middle East,OPEC,Gasoline,Refined products,30.0,0.0,0.0,71.0,,0.0
2015-05,2015,KW,Kuwait,Middle East,OPEC,Kerosene & jet fuel,Refined products,188.0,0.0,168.0,16.0,,0.0
2015-05,2015,KW,Kuwait,Middle East,OPEC,LPG,Refined products,165.0,0.0,125.0,3.0,,0.0
2015-05,2015,KW,Kuwait,Middle East,OPEC,NGL,Crude & NGL,0.0,0.0,0.0,,0.0,0.0
2015-05,2015,KW,Kuwait,Middle East,OPEC,Naphtha,Refined products,213.0,0.0,171.0,0.0,,0.0
2015-05,2015,KW,Kuwait,Middle East,OPEC,Other crude inputs,Crude & NGL,0.0,0.0,0.0,,0.0,0.0
2015-05,2015,KW,Kuwait,Middle East,OPEC,Other products,Refined products,27.0,0.0,21.0,23.0,,0.0
2015-06,2015,KW,Kuwait,Middle East,OPEC,Crude oil,Crude & NGL,2825.0,0.0,1895.0,,930.0,0.0
2015-06,2015,KW,Kuwait,Middle East,OPEC,Diesel & gasoil,Refined products,220.0,0.0,168.0,83.0,,0.0
2015-06,2015,KW,Kuwait,Middle East,OPEC,Fuel oil,Refined products,236.0,0.0,57.0,155.0,,0.0
2015-06,2015,KW,Kuwait,Middle East,OPEC,Gasoline,Refined products,37.0,0.0,0.0,76.0,,0.0
2015-06,2015,KW,Kuwait,Middle East,OPEC,Kerosene & jet fuel,Refined products,197.0,0.0,189.0,12.0,,0.0
2015-06,2015,KW,Kuwait,Middle East,OPEC,LPG,Refined products,183.0,0.0,140.0,4.0,,0.0
2015-06,2015,KW,Kuwait,Middle East,OPEC,NGL,Crude & NGL,0.0,0.0,0.0,,0.0,0.0
2015-06,2015,KW,Kuwait,Middle East,OPEC,Naphtha,Refined products,212.0,0.0,170.0,0.0,,0.0
2015-06,2015,KW,Kuwait,Middle East,OPEC,Other crude inputs,Crude & NGL,0.0,0.0,0.0,,0.0,0.0
2015-06,2015,KW,Kuwait,Middle East,OPEC,Other products,Refined products,28.0,0.0,17.0,18.0,,0.0
2015-07,2015,KW,Kuwait,Middle East,OPEC,Crude oil,Crude & NGL,2820.0,0.0,1883.0,,937.0,0.0
2015-07,2015,KW,Kuwait,Middle East,OPEC,Diesel & gasoil,Refined products,253.0,0.0,147.0,61.0,,0.0
2015-07,2015,KW,Kuwait,Middle East,OPEC,Fuel oil,Refined products,161.0,0.0,140.0,161.0,,0.0
2015-07,2015,KW,Kuwait,Middle East,OPEC,Gasoline,Refined products,69.0,0.0,45.0,65.0,,0.0
2015-07,2015,KW,Kuwait,Middle East,OPEC,Kerosene & jet fuel,Refined products,204.0,0.0,120.0,16.0,,0.0
2015-07,2015,KW,Kuwait,Middle East,OPEC,LPG,Refined products,194.0,0.0,183.0,6.0,,0.0
2015-07,2015,KW,Kuwait,Middle East,OPEC,NGL,Crude & NGL,0.0,0.0,0.0,,0.0,0.0
2015-07,2015,KW,Kuwait,Middle East,OPEC,Naphtha,Refined products,210.0,0.0,159.0,0.0,,0.0
2015-07,2015,KW,Kuwait,Middle East,OPEC,Other crude inputs,Crude & NGL,0.0,0.0,0.0,,0.0,0.0
2015-07,2015,KW,Kuwait,Middle East,OPEC,Other products,Refined products,40.0,0.0,22.0,30.0,,0.0
2015-08,2015,KW,Kuwait,Middle East,OPEC,Crude oil,Crude & NGL,2890.0,0.0,1957.0,,933.0,0.0
2015-08,2015,KW,Kuwait,Middle East,OPEC,Diesel & gasoil,Refined products,230.0,0.0,211.0,58.0,,0.0
2015-08,2015,KW,Kuwait,Middle East,OPEC,Fuel oil,Refined products,191.0,0.0,48.0,155.0,,0.0
2015-08,2015,KW,Kuwait,Middle East,OPEC,Gasoline,Refined products,63.0,0.0,0.0,64.0,,0.0
2015-08,2015,KW,Kuwait,Middle East,OPEC,Kerosene & jet fuel,Refined products,201.0,0.0,178.0,18.0,,0.0
2015-08,2015,KW,Kuwait,Middle East,OPEC,LPG,Refined products,203.0,0.0,191.0,6.0,,0.0
2015-08,2015,KW,Kuwait,Middle East,OPEC,NGL,Crude & NGL,0.0,0.0,0.0,,0.0,0.0
2015-08,2015,KW,Kuwait,Middle East,OPEC,Naphtha,Refined products,214.0,0.0,175.0,0.0,,0.0
2015-08,2015,KW,Kuwait,Middle East,OPEC,Other crude inputs,Crude & NGL,0.0,0.0,0.0,,0.0,0.0
2015-08,2015,KW,Kuwait,Middle East,OPEC,Other products,Refined products,35.0,0.0,23.0,31.0,,0.0
2015-09,2015,KW,Kuwait,Middle East,OPEC,Crude oil,Crude & NGL,2900.0,0.0,2008.0,,892.0,0.0
2015-09,2015,KW,Kuwait,Middle East,OPEC,Diesel & gasoil,Refined products,212.0,0.0,216.0,45.0,,0.0
2015-09,2015,KW,Kuwait,Middle East,OPEC,Fuel oil,Refined products,227.0,0.0,21.0,156.0,,0.0
2015-09,2015,KW,Kuwait,Middle East,OPEC,Gasoline,Refined products,50.0,0.0,0.0,74.0,,0.0
2015-09,2015,KW,Kuwait,Middle East,OPEC,Kerosene & jet fuel,Refined products,188.0,0.0,169.0,20.0,,0.0
2015-09,2015,KW,Kuwait,Middle East,OPEC,LPG,Refined products,213.0,0.0,200.0,6.0,,0.0
2015-09,2015,KW,Kuwait,Middle East,OPEC,NGL,Crude & NGL,0.0,0.0,0.0,,0.0,0.0
2015-09,2015,KW,Kuwait,Middle East,OPEC,Naphtha,Refined products,190.0,0.0,163.0,0.0,,0.0
2015-09,2015,KW,Kuwait,Middle East,OPEC,Other crude inputs,Crude & NGL,0.0,0.0,0.0,,0.0,0.0
2015-09,2015,KW,Kuwait,Middle East,OPEC,Other products,Refined products,25.0,0.0,27.0,26.0,,0.0
2015-10,2015,KW,Kuwait,Middle East,OPEC,Crude oil,Crude & NGL,2800.0,0.0,1905.0,,895.0,0.0
2015-10,2015,KW,Kuwait,Middle East,OPEC,Diesel & gasoil,Refined products,227.0,0.0,180.0,66.0,,0.0
2015-10,2015,KW,Kuwait,Middle East,OPEC,Fuel oil,Refined products,186.0,0.0,89.0,118.0,,0.0
2015-10,2015,KW,Kuwait,Middle East,OPEC,Gasoline,Refined products,59.0,0.0,10.0,83.0,,0.0
2015-10,2015,KW,Kuwait,Middle East,OPEC,Kerosene & jet fuel,Refined products,187.0,0.0,147.0,19.0,,0.0
2015-10,2015,KW,Kuwait,Middle East,OPEC,LPG,Refined products,199.0,0.0,187.0,6.0,,0.0
2015-10,2015,KW,Kuwait,Middle East,OPEC,NGL,Crude & NGL,0.0,0.0,0.0,,0.0,0.0
2015-10,2015,KW,Kuwait,Middle East,OPEC,Naphtha,Refined products,201.0,0.0,156.0,0.0,,0.0
2015-10,2015,KW,Kuwait,Middle East,OPEC,Other crude inputs,Crude & NGL,0.0,0.0,0.0,,0.0,0.0
2015-10,2015,KW,Kuwait,Middle East,OPEC,Other products,Refined products,26.0,0.0,25.0,2.0,,0.0
2015-11,2015,KW,Kuwait,Middle East,OPEC,Crude oil,Crude & NGL,2900.0,0.0,2090.0,,810.0,0.0
2015-11,2015,KW,Kuwait,Middle East,OPEC,Diesel & gasoil,Refined products,205.0,0.0,176.0,50.0,,0.0
2015-11,2015,KW,Kuwait,Middle East,OPEC,Fuel oil,Refined products,168.0,0.0,87.0,89.0,,0.0
2015-11,2015,KW,Kuwait,Middle East,OPEC,Gasoline,Refined products,53.0,0.0,10.0,62.0,,0.0
2015-11,2015,KW,Kuwait,Middle East,OPEC,Kerosene & jet fuel,Refined products,170.0,0.0,143.0,14.0,,0.0
2015-11,2015,KW,Kuwait,Middle East,OPEC,LPG,Refined products,201.0,0.0,189.0,6.0,,0.0
2015-11,2015,KW,Kuwait,Middle East,OPEC,NGL,Crude & NGL,0.0,0.0,0.0,,0.0,0.0
2015-11,2015,KW,Kuwait,Middle East,OPEC,Naphtha,Refined products,182.0,0.0,152.0,0.0,,0.0
2015-11,2015,KW,Kuwait,Middle East,OPEC,Other crude inputs,Crude & NGL,0.0,0.0,0.0,,0.0,0.0
2015-11,2015,KW,Kuwait,Middle East,OPEC,Other products,Refined products,24.0,0.0,24.0,3.0,,0.0
2015-12,2015,KW,Kuwait,Middle East,OPEC,Crude oil,Crude & NGL,2930.0,0.0,2085.0,,845.0,0.0
2015-12,2015,KW,Kuwait,Middle East,OPEC,Diesel & gasoil,Refined products,214.0,0.0,185.0,51.0,,0.0
2015-12,2015,KW,Kuwait,Middle East,OPEC,Fuel oil,Refined products,176.0,0.0,91.0,91.0,,0.0
2015-12,2015,KW,Kuwait,Middle East,OPEC,Gasoline,Refined products,56.0,0.0,10.0,63.0,,0.0
2015-12,2015,KW,Kuwait,Middle East,OPEC,Kerosene & jet fuel,Refined products,177.0,0.0,151.0,14.0,,0.0
2015-12,2015,KW,Kuwait,Middle East,OPEC,LPG,Refined products,188.0,0.0,177.0,6.0,,0.0
2015-12,2015,KW,Kuwait,Middle East,OPEC,NGL,Crude & NGL,0.0,0.0,0.0,,0.0,0.0
2015-12,2015,KW,Kuwait,Middle East,OPEC,Naphtha,Refined products,190.0,0.0,161.0,0.0,,0.0
2015-12,2015,KW,Kuwait,Middle East,OPEC,Other crude inputs,Crude & NGL,0.0,0.0,0.0,,0.0,0.0
2015-12,2015,KW,Kuwait,Middle East,OPEC,Other products,Refined products,23.0,0.0,26.0,2.0,,0.0
2016-01,2016,KW,Kuwait,Middle East,OPEC,Crude oil,Crude & NGL,3000.0,0.0,2217.0,,783.0,0.0
2016-01,2016,KW,Kuwait,Middle East,OPEC,Diesel & gasoil,Refined products,198.0,0.0,153.0,48.0,,0.0
2016-01,2016,KW,Kuwait,Middle East,OPEC,Fuel oil,Refined products,179.0,0.0,87.0,104.0,,0.0
2016-01,2016,KW,Kuwait,Middle East,OPEC,Gasoline,Refined products,42.0,0.0,15.0,60.0,,0.0
2016-01,2016,KW,Kuwait,Middle East,OPEC,Kerosene & jet fuel,Refined products,166.0,0.0,136.0,14.0,,0.0
2016-01,2016,KW,Kuwait,Middle East,OPEC,LPG,Refined products,177.0,0.0,168.0,5.0,,0.0
2016-01,2016,KW,Kuwait,Middle East,OPEC,NGL,Crude & NGL,0.0,0.0,0.0,,0.0,0.0
2016-01,2016,KW,Kuwait,Middle East,OPEC,Naphtha,Refined products,173.0,0.0,142.0,0.0,,0.0
2016-01,2016,KW,Kuwait,Middle East,OPEC,Other crude inputs,Crude & NGL,0.0,0.0,0.0,,0.0,0.0
2016-01,2016,KW,Kuwait,Middle East,OPEC,Other products,Refined products,25.0,0.0,21.0,7.0,,0.0
2016-02,2016,KW,Kuwait,Middle East,OPEC,Crude oil,Crude & NGL,3000.0,0.0,2163.0,,837.0,0.0
2016-02,2016,KW,Kuwait,Middle East,OPEC,Diesel & gasoil,Refined products,212.0,0.0,166.0,49.0,,0.0
2016-02,2016,KW,Kuwait,Middle East,OPEC,Fuel oil,Refined products,191.0,0.0,94.0,107.0,,0.0
2016-02,2016,KW,Kuwait,Middle East,OPEC,Gasoline,Refined products,45.0,0.0,17.0,62.0,,0.0
2016-02,2016,KW,Kuwait,Middle East,OPEC,Kerosene & jet fuel,Refined products,178.0,0.0,148.0,14.0,,0.0
2016-02,2016,KW,Kuwait,Middle East,OPEC,LPG,Refined products,170.0,0.0,161.0,5.0,,0.0
2016-02,2016,KW,Kuwait,Middle East,OPEC,NGL,Crude & NGL,0.0,0.0,0.0,,0.0,0.0
2016-02,2016,KW,Kuwait,Middle East,OPEC,Naphtha,Refined products,185.0,0.0,155.0,0.0,,0.0
2016-02,2016,KW,Kuwait,Middle East,OPEC,Other crude inputs,Crude & NGL,0.0,0.0,0.0,,0.0,0.0
2016-02,2016,KW,Kuwait,Middle East,OPEC,Other products,Refined products,26.0,0.0,22.0,10.0,,0.0
2016-03,2016,KW,Kuwait,Middle East,OPEC,Crude oil,Crude & NGL,3000.0,0.0,2198.0,,802.0,0.0
2016-03,2016,KW,Kuwait,Middle East,OPEC,Diesel & gasoil,Refined products,203.0,0.0,171.0,38.0,,0.0
2016-03,2016,KW,Kuwait,Middle East,OPEC,Fuel oil,Refined products,183.0,0.0,97.0,82.0,,0.0
2016-03,2016,KW,Kuwait,Middle East,OPEC,Gasoline,Refined products,43.0,0.0,17.0,48.0,,0.0
2016-03,2016,KW,Kuwait,Middle East,OPEC,Kerosene & jet fuel,Refined products,170.0,0.0,153.0,11.0,,0.0
2016-03,2016,KW,Kuwait,Middle East,OPEC,LPG,Refined products,200.0,0.0,190.0,6.0,,0.0
2016-03,2016,KW,Kuwait,Middle East,OPEC,NGL,Crude & NGL,0.0,0.0,0.0,,0.0,0.0
2016-03,2016,KW,Kuwait,Middle East,OPEC,Naphtha,Refined products,177.0,0.0,160.0,0.0,,0.0
2016-03,2016,KW,Kuwait,Middle East,OPEC,Other crude inputs,Crude & NGL,0.0,0.0,0.0,,0.0,0.0
2016-03,2016,KW,Kuwait,Middle East,OPEC,Other products,Refined products,26.0,0.0,23.0,10.0,,0.0
2016-04,2016,KW,Kuwait,Middle East,OPEC,Crude oil,Crude & NGL,2900.0,0.0,2027.0,,873.0,0.0
2016-04,2016,KW,Kuwait,Middle East,OPEC,Diesel & gasoil,Refined products,221.0,0.0,164.0,59.0,,0.0
2016-04,2016,KW,Kuwait,Middle East,OPEC,Fuel oil,Refined products,200.0,0.0,93.0,127.0,,0.0
2016-04,2016,KW,Kuwait,Middle East,OPEC,Gasoline,Refined products,47.0,0.0,16.0,74.0,,0.0
2016-04,2016,KW,Kuwait,Middle East,OPEC,Kerosene & jet fuel,Refined products,186.0,0.0,146.0,17.0,,0.0
2016-04,2016,KW,Kuwait,Middle East,OPEC,LPG,Refined products,197.0,0.0,187.0,6.0,,0.0
2016-04,2016,KW,Kuwait,Middle East,OPEC,NGL,Crude & NGL,0.0,0.0,0.0,,0.0,0.0
2016-04,2016,KW,Kuwait,Middle East,OPEC,Naphtha,Refined products,193.0,0.0,153.0,0.0,,0.0
2016-04,2016,KW,Kuwait,Middle East,OPEC,Other crude inputs,Crude & NGL,0.0,0.0,0.0,,0.0,0.0
2016-04,2016,KW,Kuwait,Middle East,OPEC,Other products,Refined products,27.0,0.0,22.0,6.0,,0.0
2016-05,2016,KW,Kuwait,Middle East,OPEC,Other crude inputs,Crude & NGL,0.0,0.0,0.0,,0.0,0.0
2016-06,2016,KW,Kuwait,Middle East,OPEC,Crude oil,Crude & NGL,2950.0,0.0,2069.0,,881.0,0.0
2016-06,2016,KW,Kuwait,Middle East,OPEC,Diesel & gasoil,Refined products,223.0,0.0,162.0,62.0,,0.0
2016-06,2016,KW,Kuwait,Middle East,OPEC,Fuel oil,Refined products,201.0,0.0,92.0,134.0,,0.0
2016-06,2016,KW,Kuwait,Middle East,OPEC,Gasoline,Refined products,47.0,0.0,16.0,78.0,,0.0
2016-06,2016,KW,Kuwait,Middle East,OPEC,Kerosene & jet fuel,Refined products,187.0,0.0,144.0,18.0,,0.0
2016-06,2016,KW,Kuwait,Middle East,OPEC,LPG,Refined products,220.0,0.0,209.0,7.0,,0.0
2016-06,2016,KW,Kuwait,Middle East,OPEC,NGL,Crude & NGL,0.0,0.0,0.0,,0.0,0.0
2016-06,2016,KW,Kuwait,Middle East,OPEC,Naphtha,Refined products,194.0,0.0,151.0,0.0,,0.0
2016-06,2016,KW,Kuwait,Middle East,OPEC,Other crude inputs,Crude & NGL,0.0,0.0,0.0,,0.0,0.0
2016-06,2016,KW,Kuwait,Middle East,OPEC,Other products,Refined products,29.0,0.0,21.0,24.0,,0.0
2016-07,2016,KW,Kuwait,Middle East,OPEC,Crude oil,Crude & NGL,2950.0,0.0,2063.0,,887.0,0.0
2016-07,2016,KW,Kuwait,Middle East,OPEC,Diesel & gasoil,Refined products,225.0,0.0,155.0,68.0,,0.0
2016-07,2016,KW,Kuwait,Middle East,OPEC,Fuel oil,Refined products,203.0,0.0,88.0,148.0,,0.0
2016-07,2016,KW,Kuwait,Middle East,OPEC,Gasoline,Refined products,48.0,0.0,16.0,86.0,,0.0
2016-07,2016,KW,Kuwait,Middle East,OPEC,Kerosene & jet fuel,Refined products,188.0,0.0,138.0,20.0,,0.0
2016-07,2016,KW,Kuwait,Middle East,OPEC,LPG,Refined products,218.0,0.0,207.0,7.0,,0.0
2016-07,2016,KW,Kuwait,Middle East,OPEC,NGL,Crude & NGL,0.0,0.0,0.0,,0.0,0.0
2016-07,2016,KW,Kuwait,Middle East,OPEC,Naphtha,Refined products,196.0,0.0,144.0,0.0,,0.0
2016-07,2016,KW,Kuwait,Middle East,OPEC,Other crude inputs,Crude & NGL,0.0,0.0,0.0,,0.0,0.0
2016-07,2016,KW,Kuwait,Middle East,OPEC,Other products,Refined products,27.0,0.0,45.0,29.0,,0.0
2016-08,2016,KW,Kuwait,Middle East,OPEC,Crude oil,Crude & NGL,2987.0,0.0,2096.0,,892.0,0.0
2016-08,2016,KW,Kuwait,Middle East,OPEC,Diesel & gasoil,Refined products,226.0,0.0,152.0,72.0,,0.0
2016-08,2016,KW,Kuwait,Middle East,OPEC,Fuel oil,Refined products,204.0,0.0,86.0,155.0,,0.0
2016-08,2016,KW,Kuwait,Middle East,OPEC,Gasoline,Refined products,48.0,0.0,15.0,90.0,,0.0
2016-08,2016,KW,Kuwait,Middle East,OPEC,Kerosene & jet fuel,Refined products,190.0,0.0,135.0,20.0,,0.0
2016-08,2016,KW,Kuwait,Middle East,OPEC,LPG,Refined products,225.0,0.0,214.0,7.0,,0.0
2016-08,2016,KW,Kuwait,Middle East,OPEC,NGL,Crude & NGL,0.0,0.0,0.0,,0.0,0.0
2016-08,2016,KW,Kuwait,Middle East,OPEC,Naphtha,Refined products,197.0,0.0,141.0,0.0,,0.0
2016-08,2016,KW,Kuwait,Middle East,OPEC,Other crude inputs,Crude & NGL,0.0,0.0,0.0,,0.0,0.0
2016-08,2016,KW,Kuwait,Middle East,OPEC,Other products,Refined products,27.0,0.0,21.0,31.0,,0.0
2016-09,2016,KW,Kuwait,Middle East,OPEC,Crude oil,Crude & NGL,2970.0,0.0,2094.0,,876.0,0.0
2016-09,2016,KW,Kuwait,Middle East,OPEC,Diesel & gasoil,Refined products,222.0,0.0,160.0,62.0,,0.0
2016-09,2016,KW,Kuwait,Middle East,OPEC,Fuel oil,Refined products,200.0,0.0,91.0,135.0,,0.0
2016-09,2016,KW,Kuwait,Middle East,OPEC,Gasoline,Refined products,47.0,0.0,16.0,78.0,,0.0
2016-09,2016,KW,Kuwait,Middle East,OPEC,Kerosene & jet fuel,Refined products,186.0,0.0,143.0,18.0,,0.0
2016-09,2016,KW,Kuwait,Middle East,OPEC,LPG,Refined products,221.0,0.0,210.0,7.0,,0.0
2016-09,2016,KW,Kuwait,Middle East,OPEC,NGL,Crude & NGL,0.0,0.0,0.0,,0.0,0.0
2016-09,2016,KW,Kuwait,Middle East,OPEC,Naphtha,Refined products,193.0,0.0,149.0,0.0,,0.0
2016-09,2016,KW,Kuwait,Middle East,OPEC,Other crude inputs,Crude & NGL,0.0,0.0,0.0,,0.0,0.0
2016-09,2016,KW,Kuwait,Middle East,OPEC,Other products,Refined products,29.0,0.0,21.0,8.0,,0.0
2016-10,2016,KW,Kuwait,Middle East,OPEC,Crude oil,Crude & NGL,3000.0,0.0,2176.0,,824.0,0.0
2016-10,2016,KW,Kuwait,Middle East,OPEC,Diesel & gasoil,Refined products,209.0,0.0,160.0,51.0,,0.0
2016-10,2016,KW,Kuwait,Middle East,OPEC,Fuel oil,Refined products,189.0,0.0,91.0,111.0,,0.0
2016-10,2016,KW,Kuwait,Middle East,OPEC,Gasoline,Refined products,44.0,0.0,16.0,64.0,,0.0
2016-10,2016,KW,Kuwait,Middle East,OPEC,Kerosene & jet fuel,Refined products,175.0,0.0,143.0,15.0,,0.0
2016-10,2016,KW,Kuwait,Middle East,OPEC,LPG,Refined products,227.0,0.0,216.0,7.0,,0.0
2016-10,2016,KW,Kuwait,Middle East,OPEC,NGL,Crude & NGL,0.0,0.0,0.0,,0.0,0.0
2016-10,2016,KW,Kuwait,Middle East,OPEC,Naphtha,Refined products,182.0,0.0,149.0,0.0,,0.0
2016-10,2016,KW,Kuwait,Middle East,OPEC,Other crude inputs,Crude & NGL,0.0,0.0,0.0,,0.0,0.0
2016-10,2016,KW,Kuwait,Middle East,OPEC,Other products,Refined products,26.0,0.0,21.0,3.0,,0.0
2016-11,2016,KW,Kuwait,Middle East,OPEC,Crude oil,Crude & NGL,2900.0,0.0,2280.0,,620.0,0.0
2016-11,2016,KW,Kuwait,Middle East,OPEC,Diesel & gasoil,Refined products,157.0,0.0,113.0,44.0,,0.0
2016-11,2016,KW,Kuwait,Middle East,OPEC,Fuel oil,Refined products,142.0,0.0,64.0,96.0,,0.0
2016-11,2016,KW,Kuwait,Middle East,OPEC,Gasoline,Refined products,33.0,0.0,11.0,56.0,,0.0
2016-11,2016,KW,Kuwait,Middle East,OPEC,Kerosene & jet fuel,Refined products,132.0,0.0,101.0,13.0,,0.0
2016-11,2016,KW,Kuwait,Middle East,OPEC,LPG,Refined products,203.0,0.0,193.0,6.0,,0.0
2016-11,2016,KW,Kuwait,Middle East,OPEC,NGL,Crude & NGL,0.0,0.0,0.0,,0.0,0.0
2016-11,2016,KW,Kuwait,Middle East,OPEC,Naphtha,Refined products,137.0,0.0,105.0,0.0,,0.0
2016-11,2016,KW,Kuwait,Middle East,OPEC,Other crude inputs,Crude & NGL,0.0,0.0,0.0,,0.0,0.0
2016-11,2016,KW,Kuwait,Middle East,OPEC,Other products,Refined products,19.0,0.0,13.0,9.0,,0.0
2016-12,2016,KW,Kuwait,Middle East,OPEC,Crude oil,Crude & NGL,2844.0,0.0,2079.0,,765.0,0.0
2016-12,2016,KW,Kuwait,Middle East,OPEC,Diesel & gasoil,Refined products,194.0,0.0,151.0,46.0,,0.0
2016-12,2016,KW,Kuwait,Middle East,OPEC,Fuel oil,Refined products,175.0,0.0,86.0,99.0,,0.0
2016-12,2016,KW,Kuwait,Middle East,OPEC,Gasoline,Refined products,41.0,0.0,15.0,57.0,,0.0
2016-12,2016,KW,Kuwait,Middle East,OPEC,Kerosene & jet fuel,Refined products,163.0,0.0,135.0,13.0,,0.0
2016-12,2016,KW,Kuwait,Middle East,OPEC,LPG,Refined products,176.0,0.0,167.0,5.0,,0.0
2016-12,2016,KW,Kuwait,Middle East,OPEC,NGL,Crude & NGL,0.0,0.0,0.0,,0.0,0.0
2016-12,2016,KW,Kuwait,Middle East,OPEC,Naphtha,Refined products,169.0,0.0,141.0,0.0,,0.0
2016-12,2016,KW,Kuwait,Middle East,OPEC,Other crude inputs,Crude & NGL,0.0,0.0,0.0,,0.0,0.0
2016-12,2016,KW,Kuwait,Middle East,OPEC,Other products,Refined products,23.0,0.0,18.0,13.0,,0.0
2017-01,2017,KW,Kuwait,Middle East,OPEC,Crude oil,Crude & NGL,2710.0,0.0,1930.0,,780.0,0.0
2017-01,2017,KW,Kuwait,Middle East,OPEC,Diesel & gasoil,Refined products,198.0,0.0,149.0,51.0,,0.0
2017-01,2017,KW,Kuwait,Middle East,OPEC,Fuel oil,Refined products,178.0,0.0,84.0,110.0,,0.0
2017-01,2017,KW,Kuwait,Middle East,OPEC,Gasoline,Refined products,42.0,0.0,15.0,64.0,,0.0
2017-01,2017,KW,Kuwait,Middle East,OPEC,Kerosene & jet fuel,Refined products,166.0,0.0,133.0,14.0,,0.0
2017-01,2017,KW,Kuwait,Middle East,OPEC,LPG,Refined products,187.0,0.0,178.0,6.0,,0.0
2017-01,2017,KW,Kuwait,Middle East,OPEC,NGL,Crude & NGL,0.0,0.0,0.0,,0.0,0.0
2017-01,2017,KW,Kuwait,Middle East,OPEC,Naphtha,Refined products,172.0,0.0,139.0,0.0,,0.0
2017-01,2017,KW,Kuwait,Middle East,OPEC,Other crude inputs,Crude & NGL,0.0,0.0,0.0,,0.0,0.0
2017-01,2017,KW,Kuwait,Middle East,OPEC,Other products,Refined products,24.0,0.0,16.0,28.0,,0.0
2017-02,2017,KW,Kuwait,Middle East,OPEC,Crude oil,Crude & NGL,2705.0,0.0,1916.0,,789.0,0.0
2017-02,2017,KW,Kuwait,Middle East,OPEC,Diesel & gasoil,Refined products,200.0,0.0,146.0,54.0,,0.0
2017-02,2017,KW,Kuwait,Middle East,OPEC,Fuel oil,Refined products,180.0,0.0,83.0,118.0,,0.0
2017-02,2017,KW,Kuwait,Middle East,OPEC,Gasoline,Refined products,42.0,0.0,15.0,68.0,,0.0
2017-02,2017,KW,Kuwait,Middle East,OPEC,Kerosene & jet fuel,Refined products,168.0,0.0,130.0,16.0,,0.0
2017-02,2017,KW,Kuwait,Middle East,OPEC,LPG,Refined products,185.0,0.0,176.0,6.0,,0.0
2017-02,2017,KW,Kuwait,Middle East,OPEC,NGL,Crude & NGL,0.0,0.0,0.0,,0.0,0.0
2017-02,2017,KW,Kuwait,Middle East,OPEC,Naphtha,Refined products,174.0,0.0,136.0,0.0,,0.0
2017-02,2017,KW,Kuwait,Middle East,OPEC,Other crude inputs,Crude & NGL,0.0,0.0,0.0,,0.0,0.0
2017-02,2017,KW,Kuwait,Middle East,OPEC,Other products,Refined products,25.0,0.0,17.0,7.0,,0.0
2017-03,2017,KW,Kuwait,Middle East,OPEC,Crude oil,Crude & NGL,2700.0,0.0,1970.0,,730.0,0.0
2017-03,2017,KW,Kuwait,Middle East,OPEC,Diesel & gasoil,Refined products,185.0,0.0,142.0,45.0,,0.0
2017-03,2017,KW,Kuwait,Middle East,OPEC,Fuel oil,Refined products,167.0,0.0,81.0,97.0,,0.0
2017-03,2017,KW,Kuwait,Middle East,OPEC,Gasoline,Refined products,39.0,0.0,14.0,56.0,,0.0
2017-03,2017,KW,Kuwait,Middle East,OPEC,Kerosene & jet fuel,Refined products,155.0,0.0,127.0,13.0,,0.0
2017-03,2017,KW,Kuwait,Middle East,OPEC,LPG,Refined products,186.0,0.0,177.0,6.0,,0.0
2017-03,2017,KW,Kuwait,Middle East,OPEC,NGL,Crude & NGL,0.0,0.0,0.0,,0.0,0.0
2017-03,2017,KW,Kuwait,Middle East,OPEC,Naphtha,Refined products,161.0,0.0,133.0,0.0,,0.0
2017-03,2017,KW,Kuwait,Middle East,OPEC,Other crude inputs,Crude & NGL,0.0,0.0,0.0,,0.0,0.0
2017-03,2017,KW,Kuwait,Middle East,OPEC,Other products,Refined products,23.0,0.0,16.0,7.0,,0.0
2017-04,2017,KW,Kuwait,Middle East,OPEC,Crude oil,Crude & NGL,2710.0,0.0,2156.0,,554.0,0.0
2017-04,2017,KW,Kuwait,Middle East,OPEC,Diesel & gasoil,Refined products,140.0,0.0,90.0,48.0,,0.0
2017-04,2017,KW,Kuwait,Middle East,OPEC,Fuel oil,Refined products,127.0,0.0,51.0,103.0,,0.0
2017-04,2017,KW,Kuwait,Middle East,OPEC,Gasoline,Refined products,30.0,0.0,9.0,60.0,,0.0
2017-04,2017,KW,Kuwait,Middle East,OPEC,Kerosene & jet fuel,Refined products,118.0,0.0,80.0,14.0,,0.0
2017-04,2017,KW,Kuwait,Middle East,OPEC,LPG,Refined products,203.0,0.0,193.0,6.0,,0.0
2017-04,2017,KW,Kuwait,Middle East,OPEC,NGL,Crude & NGL,0.0,0.0,0.0,,0.0,0.0
2017-04,2017,KW,Kuwait,Middle East,OPEC,Naphtha,Refined products,122.0,0.0,84.0,0.0,,0.0
2017-04,2017,KW,Kuwait,Middle East,OPEC,Other crude inputs,Crude & NGL,0.0,0.0,0.0,,0.0,0.0
2017-04,2017,KW,Kuwait,Middle East,OPEC,Other products,Refined products,17.0,0.0,11.0,7.0,,0.0
2017-05,2017,KW,Kuwait,Middle East,OPEC,Crude oil,Crude & NGL,2715.0,0.0,2089.0,,626.0,0.0
2017-05,2017,KW,Kuwait,Middle East,OPEC,Diesel & gasoil,Refined products,159.0,0.0,108.0,49.0,,0.0
2017-05,2017,KW,Kuwait,Middle East,OPEC,Fuel oil,Refined products,143.0,0.0,61.0,106.0,,0.0
2017-05,2017,KW,Kuwait,Middle East,OPEC,Gasoline,Refined products,34.0,0.0,11.0,62.0,,0.0
2017-05,2017,KW,Kuwait,Middle East,OPEC,Kerosene & jet fuel,Refined products,133.0,0.0,96.0,14.0,,0.0
2017-05,2017,KW,Kuwait,Middle East,OPEC,LPG,Refined products,227.0,0.0,215.0,7.0,,0.0
2017-05,2017,KW,Kuwait,Middle East,OPEC,NGL,Crude & NGL,0.0,0.0,0.0,,0.0,0.0
2017-05,2017,KW,Kuwait,Middle East,OPEC,Naphtha,Refined products,138.0,0.0,101.0,0.0,,0.0
2017-05,2017,KW,Kuwait,Middle East,OPEC,Other crude inputs,Crude & NGL,0.0,0.0,0.0,,0.0,0.0
2017-05,2017,KW,Kuwait,Middle East,OPEC,Other products,Refined products,19.0,0.0,13.0,16.0,,0.0
2017-06,2017,KW,Kuwait,Middle East,OPEC,Crude oil,Crude & NGL,2705.0,0.0,2090.0,,615.0,0.0
2017-06,2017,KW,Kuwait,Middle East,OPEC,Diesel & gasoil,Refined products,156.0,0.0,101.0,52.0,,0.0
2017-06,2017,KW,Kuwait,Middle East,OPEC,Fuel oil,Refined products,141.0,0.0,57.0,114.0,,0.0
2017-06,2017,KW,Kuwait,Middle East,OPEC,Gasoline,Refined products,33.0,0.0,10.0,66.0,,0.0
2017-06,2017,KW,Kuwait,Middle East,OPEC,Kerosene & jet fuel,Refined products,131.0,0.0,90.0,15.0,,0.0
2017-06,2017,KW,Kuwait,Middle East,OPEC,LPG,Refined products,240.0,0.0,228.0,7.0,,0.0
2017-06,2017,KW,Kuwait,Middle East,OPEC,NGL,Crude & NGL,0.0,0.0,0.0,,0.0,0.0
2017-06,2017,KW,Kuwait,Middle East,OPEC,Naphtha,Refined products,136.0,0.0,94.0,0.0,,0.0
2017-06,2017,KW,Kuwait,Middle East,OPEC,Other crude inputs,Crude & NGL,0.0,0.0,0.0,,0.0,0.0
2017-06,2017,KW,Kuwait,Middle East,OPEC,Other products,Refined products,18.0,0.0,11.0,52.0,,0.0
2017-07,2017,KW,Kuwait,Middle East,OPEC,Crude oil,Crude & NGL,2700.0,0.0,2003.0,,680.0,0.0
2017-07,2017,KW,Kuwait,Middle East,OPEC,Diesel & gasoil,Refined products,172.0,0.0,109.0,60.0,,0.0
2017-07,2017,KW,Kuwait,Middle East,OPEC,Fuel oil,Refined products,156.0,0.0,62.0,130.0,,0.0
2017-07,2017,KW,Kuwait,Middle East,OPEC,Gasoline,Refined products,36.0,0.0,11.0,69.0,,0.0
2017-07,2017,KW,Kuwait,Middle East,OPEC,Kerosene & jet fuel,Refined products,145.0,0.0,97.0,17.0,,0.0
2017-07,2017,KW,Kuwait,Middle East,OPEC,LPG,Refined products,230.0,0.0,219.0,7.0,,0.0
2017-07,2017,KW,Kuwait,Middle East,OPEC,NGL,Crude & NGL,0.0,0.0,0.0,,0.0,0.0
2017-07,2017,KW,Kuwait,Middle East,OPEC,Naphtha,Refined products,150.0,0.0,104.0,0.0,,0.0
2017-07,2017,KW,Kuwait,Middle East,OPEC,Other crude inputs,Crude & NGL,0.0,0.0,0.0,,0.0,0.0
2017-07,2017,KW,Kuwait,Middle East,OPEC,Other products,Refined products,22.0,0.0,12.0,26.0,,0.0
2017-08,2017,KW,Kuwait,Middle East,OPEC,Crude oil,Crude & NGL,2700.0,0.0,1944.0,,680.0,0.0
2017-08,2017,KW,Kuwait,Middle East,OPEC,Diesel & gasoil,Refined products,172.0,0.0,107.0,62.0,,0.0
2017-08,2017,KW,Kuwait,Middle East,OPEC,Fuel oil,Refined products,156.0,0.0,60.0,134.0,,0.0
2017-08,2017,KW,Kuwait,Middle East,OPEC,Gasoline,Refined products,36.0,0.0,11.0,71.0,,0.0
2017-08,2017,KW,Kuwait,Middle East,OPEC,Kerosene & jet fuel,Refined products,145.0,0.0,95.0,18.0,,0.0
2017-08,2017,KW,Kuwait,Middle East,OPEC,LPG,Refined products,230.0,0.0,218.0,7.0,,0.0
2017-08,2017,KW,Kuwait,Middle East,OPEC,NGL,Crude & NGL,0.0,0.0,0.0,,0.0,0.0
2017-08,2017,KW,Kuwait,Middle East,OPEC,Naphtha,Refined products,150.0,0.0,101.0,0.0,,0.0
2017-08,2017,KW,Kuwait,Middle East,OPEC,Other crude inputs,Crude & NGL,0.0,0.0,0.0,,0.0,0.0
2017-08,2017,KW,Kuwait,Middle East,OPEC,Other products,Refined products,21.0,0.0,13.0,84.0,,0.0
2017-09,2017,KW,Kuwait,Middle East,OPEC,Crude oil,Crude & NGL,2700.0,0.0,1974.0,,650.0,0.0
2017-09,2017,KW,Kuwait,Middle East,OPEC,Diesel & gasoil,Refined products,165.0,0.0,115.0,49.0,,0.0
2017-09,2017,KW,Kuwait,Middle East,OPEC,Fuel oil,Refined products,149.0,0.0,65.0,106.0,,0.0
2017-09,2017,KW,Kuwait,Middle East,OPEC,Gasoline,Refined products,35.0,0.0,12.0,57.0,,0.0
2017-09,2017,KW,Kuwait,Middle East,OPEC,Kerosene & jet fuel,Refined products,138.0,0.0,103.0,14.0,,0.0
2017-09,2017,KW,Kuwait,Middle East,OPEC,LPG,Refined products,223.0,0.0,212.0,7.0,,0.0
2017-09,2017,KW,Kuwait,Middle East,OPEC,NGL,Crude & NGL,0.0,0.0,0.0,,0.0,0.0
2017-09,2017,KW,Kuwait,Middle East,OPEC,Naphtha,Refined products,143.0,0.0,109.0,0.0,,0.0
2017-09,2017,KW,Kuwait,Middle East,OPEC,Other crude inputs,Crude & NGL,0.0,0.0,0.0,,0.0,0.0
2017-09,2017,KW,Kuwait,Middle East,OPEC,Other products,Refined products,20.0,0.0,13.0,82.0,,0.0
2017-10,2017,KW,Kuwait,Middle East,OPEC,Crude oil,Crude & NGL,2700.0,0.0,1985.0,,680.0,0.0
2017-10,2017,KW,Kuwait,Middle East,OPEC,Diesel & gasoil,Refined products,172.0,0.0,125.0,48.0,,0.0
2017-10,2017,KW,Kuwait,Middle East,OPEC,Fuel oil,Refined products,156.0,0.0,71.0,103.0,,0.0
2017-10,2017,KW,Kuwait,Middle East,OPEC,Gasoline,Refined products,36.0,0.0,13.0,55.0,,0.0
2017-10,2017,KW,Kuwait,Middle East,OPEC,Kerosene & jet fuel,Refined products,145.0,0.0,112.0,14.0,,0.0
2017-10,2017,KW,Kuwait,Middle East,OPEC,LPG,Refined products,196.0,0.0,186.0,6.0,,0.0
2017-10,2017,KW,Kuwait,Middle East,OPEC,NGL,Crude & NGL,0.0,0.0,0.0,,0.0,0.0
2017-10,2017,KW,Kuwait,Middle East,OPEC,Naphtha,Refined products,150.0,0.0,119.0,0.0,,0.0
2017-10,2017,KW,Kuwait,Middle East,OPEC,Other crude inputs,Crude & NGL,0.0,0.0,0.0,,0.0,0.0
2017-10,2017,KW,Kuwait,Middle East,OPEC,Other products,Refined products,21.0,0.0,14.0,41.0,,0.0
2017-11,2017,KW,Kuwait,Middle East,OPEC,Crude oil,Crude & NGL,2705.0,0.0,2025.0,,680.0,0.0
2017-11,2017,KW,Kuwait,Middle East,OPEC,Diesel & gasoil,Refined products,172.0,0.0,124.0,49.0,,0.0
2017-11,2017,KW,Kuwait,Middle East,OPEC,Fuel oil,Refined products,156.0,0.0,70.0,105.0,,0.0
2017-11,2017,KW,Kuwait,Middle East,OPEC,Gasoline,Refined products,36.0,0.0,12.0,56.0,,0.0
2017-11,2017,KW,Kuwait,Middle East,OPEC,Kerosene & jet fuel,Refined products,145.0,0.0,110.0,14.0,,0.0
2017-11,2017,KW,Kuwait,Middle East,OPEC,LPG,Refined products,212.0,0.0,201.0,6.0,,0.0
2017-11,2017,KW,Kuwait,Middle East,OPEC,NGL,Crude & NGL,0.0,0.0,0.0,,0.0,0.0
2017-11,2017,KW,Kuwait,Middle East,OPEC,Naphtha,Refined products,150.0,0.0,118.0,0.0,,0.0
2017-11,2017,KW,Kuwait,Middle East,OPEC,Other crude inputs,Crude & NGL,0.0,0.0,0.0,,0.0,0.0
2017-11,2017,KW,Kuwait,Middle East,OPEC,Other products,Refined products,21.0,0.0,15.0,8.0,,0.0
2017-12,2017,KW,Kuwait,Middle East,OPEC,Crude oil,Crude & NGL,2701.0,0.0,2021.0,,680.0,0.0
2017-12,2017,KW,Kuwait,Middle East,OPEC,Diesel & gasoil,Refined products,172.0,0.0,126.0,47.0,,0.0
2017-12,2017,KW,Kuwait,Middle East,OPEC,Fuel oil,Refined products,156.0,0.0,71.0,102.0,,0.0
2017-12,2017,KW,Kuwait,Middle East,OPEC,Gasoline,Refined products,36.0,0.0,13.0,54.0,,0.0
2017-12,2017,KW,Kuwait,Middle East,OPEC,Kerosene & jet fuel,Refined products,145.0,0.0,112.0,13.0,,0.0
2017-12,2017,KW,Kuwait,Middle East,OPEC,LPG,Refined products,230.0,0.0,218.0,7.0,,0.0
2017-12,2017,KW,Kuwait,Middle East,OPEC,NGL,Crude & NGL,0.0,0.0,0.0,,0.0,0.0
2017-12,2017,KW,Kuwait,Middle East,OPEC,Naphtha,Refined products,150.0,0.0,120.0,0.0,,0.0
2017-12,2017,KW,Kuwait,Middle East,OPEC,Other crude inputs,Crude & NGL,0.0,0.0,0.0,,0.0,0.0
2017-12,2017,KW,Kuwait,Middle East,OPEC,Other products,Refined products,21.0,0.0,15.0,8.0,,0.0
2018-01,2018,KW,Kuwait,Middle East,OPEC,Crude oil,Crude & NGL,2705.0,0.0,2054.0,,651.0,0.0
2018-01,2018,KW,Kuwait,Middle East,OPEC,Diesel & gasoil,Refined products,165.0,0.0,112.0,51.0,,0.0
2018-01,2018,KW,Kuwait,Middle East,OPEC,Fuel oil,Refined products,149.0,0.0,64.0,111.0,,0.0
2018-01,2018,KW,Kuwait,Middle East,OPEC,Gasoline,Refined products,35.0,0.0,11.0,59.0,,0.0
2018-01,2018,KW,Kuwait,Middle East,OPEC,Kerosene & jet fuel,Refined products,138.0,0.0,100.0,15.0,,0.0
2018-01,2018,KW,Kuwait,Middle East,OPEC,LPG,Refined products,190.0,0.0,180.0,6.0,,0.0
2018-01,2018,KW,Kuwait,Middle East,OPEC,NGL,Crude & NGL,0.0,0.0,0.0,,0.0,0.0
2018-01,2018,KW,Kuwait,Middle East,OPEC,Naphtha,Refined products,144.0,0.0,107.0,0.0,,0.0
2018-01,2018,KW,Kuwait,Middle East,OPEC,Other crude inputs,Crude & NGL,0.0,0.0,0.0,,0.0,0.0
2018-01,2018,KW,Kuwait,Middle East,OPEC,Other products,Refined products,20.0,0.0,13.0,7.0,,0.0
2018-02,2018,KW,Kuwait,Middle East,OPEC,Crude oil,Crude & NGL,2700.0,0.0,2107.0,,593.0,0.0
2018-02,2018,KW,Kuwait,Middle East,OPEC,Diesel & gasoil,Refined products,150.0,0.0,92.0,54.0,,0.0
2018-02,2018,KW,Kuwait,Middle East,OPEC,Fuel oil,Refined products,136.0,0.0,52.0,118.0,,0.0
2018-02,2018,KW,Kuwait,Middle East,OPEC,Gasoline,Refined products,32.0,0.0,9.0,63.0,,0.0
2018-02,2018,KW,Kuwait,Middle East,OPEC,Kerosene & jet fuel,Refined products,126.0,0.0,82.0,16.0,,0.0
2018-02,2018,KW,Kuwait,Middle East,OPEC,LPG,Refined products,198.0,0.0,188.0,6.0,,0.0
2018-02,2018,KW,Kuwait,Middle East,OPEC,NGL,Crude & NGL,0.0,0.0,0.0,,0.0,0.0
2018-02,2018,KW,Kuwait,Middle East,OPEC,Naphtha,Refined products,130.0,0.0,88.0,0.0,,0.0
2018-02,2018,KW,Kuwait,Middle East,OPEC,Other crude inputs,Crude & NGL,0.0,0.0,0.0,,0.0,0.0
2018-02,2018,KW,Kuwait,Middle East,OPEC,Other products,Refined products,19.0,0.0,12.0,7.0,,0.0
2018-03,2018,KW,Kuwait,Middle East,OPEC,Crude oil,Crude & NGL,2700.0,0.0,2020.0,,680.0,0.0
2018-03,2018,KW,Kuwait,Middle East,OPEC,Diesel & gasoil,Refined products,172.0,0.0,116.0,55.0,,0.0
2018-03,2018,KW,Kuwait,Middle East,OPEC,Fuel oil,Refined products,156.0,0.0,66.0,119.0,,0.0
2018-03,2018,KW,Kuwait,Middle East,OPEC,Gasoline,Refined products,36.0,0.0,12.0,63.0,,0.0
2018-03,2018,KW,Kuwait,Middle East,OPEC,Kerosene & jet fuel,Refined products,145.0,0.0,103.0,16.0,,0.0
2018-03,2018,KW,Kuwait,Middle East,OPEC,LPG,Refined products,221.0,0.0,210.0,7.0,,0.0
2018-03,2018,KW,Kuwait,Middle East,OPEC,NGL,Crude & NGL,0.0,0.0,0.0,,0.0,0.0
2018-03,2018,KW,Kuwait,Middle East,OPEC,Naphtha,Refined products,150.0,0.0,110.0,0.0,,0.0
2018-03,2018,KW,Kuwait,Middle East,OPEC,Other crude inputs,Crude & NGL,0.0,0.0,0.0,,0.0,0.0
2018-03,2018,KW,Kuwait,Middle East,OPEC,Other products,Refined products,21.0,0.0,12.0,7.0,,0.0
2018-04,2018,KW,Kuwait,Middle East,OPEC,Crude oil,Crude & NGL,2705.0,0.0,2025.0,,680.0,0.0
2018-04,2018,KW,Kuwait,Middle East,OPEC,Diesel & gasoil,Refined products,172.0,0.0,114.0,56.0,,0.0
2018-04,2018,KW,Kuwait,Middle East,OPEC,Fuel oil,Refined products,156.0,0.0,65.0,121.0,,0.0
2018-04,2018,KW,Kuwait,Middle East,OPEC,Gasoline,Refined products,36.0,0.0,11.0,65.0,,0.0
2018-04,2018,KW,Kuwait,Middle East,OPEC,Kerosene & jet fuel,Refined products,145.0,0.0,102.0,16.0,,0.0
2018-04,2018,KW,Kuwait,Middle East,OPEC,LPG,Refined products,224.0,0.0,213.0,7.0,,0.0
2018-04,2018,KW,Kuwait,Middle East,OPEC,NGL,Crude & NGL,0.0,0.0,0.0,,0.0,0.0
2018-04,2018,KW,Kuwait,Middle East,OPEC,Naphtha,Refined products,150.0,0.0,108.0,0.0,,0.0
2018-04,2018,KW,Kuwait,Middle East,OPEC,Other crude inputs,Crude & NGL,0.0,0.0,0.0,,0.0,0.0
2018-04,2018,KW,Kuwait,Middle East,OPEC,Other products,Refined products,21.0,0.0,13.0,8.0,,0.0
2018-05,2018,KW,Kuwait,Middle East,OPEC,Crude oil,Crude & NGL,2700.0,0.0,2020.0,,680.0,0.0
2018-05,2018,KW,Kuwait,Middle East,OPEC,Diesel & gasoil,Refined products,172.0,0.0,117.0,54.0,,0.0
2018-05,2018,KW,Kuwait,Middle East,OPEC,Fuel oil,Refined products,156.0,0.0,66.0,117.0,,0.0
2018-05,2018,KW,Kuwait,Middle East,OPEC,Gasoline,Refined products,36.0,0.0,12.0,63.0,,0.0
2018-05,2018,KW,Kuwait,Middle East,OPEC,Kerosene & jet fuel,Refined products,145.0,0.0,104.0,16.0,,0.0
2018-05,2018,KW,Kuwait,Middle East,OPEC,LPG,Refined products,229.0,0.0,218.0,7.0,,0.0
2018-05,2018,KW,Kuwait,Middle East,OPEC,NGL,Crude & NGL,0.0,0.0,0.0,,0.0,0.0
2018-05,2018,KW,Kuwait,Middle East,OPEC,Naphtha,Refined products,150.0,0.0,111.0,0.0,,0.0
2018-05,2018,KW,Kuwait,Middle East,OPEC,Other crude inputs,Crude & NGL,0.0,0.0,0.0,,0.0,0.0
2018-05,2018,KW,Kuwait,Middle East,OPEC,Other products,Refined products,21.0,0.0,12.0,7.0,,0.0
2018-06,2018,KW,Kuwait,Middle East,OPEC,Crude oil,Crude & NGL,2707.0,0.0,2027.0,,680.0,0.0
2018-06,2018,KW,Kuwait,Middle East,OPEC,Diesel & gasoil,Refined products,172.0,0.0,100.0,67.0,,0.0
2018-06,2018,KW,Kuwait,Middle East,OPEC,Fuel oil,Refined products,156.0,0.0,56.0,145.0,,0.0
2018-06,2018,KW,Kuwait,Middle East,OPEC,Gasoline,Refined products,36.0,0.0,10.0,78.0,,0.0
2018-06,2018,KW,Kuwait,Middle East,OPEC,Kerosene & jet fuel,Refined products,145.0,0.0,89.0,19.0,,0.0
2018-06,2018,KW,Kuwait,Middle East,OPEC,LPG,Refined products,232.0,0.0,202.0,7.0,,0.0
2018-06,2018,KW,Kuwait,Middle East,OPEC,NGL,Crude & NGL,0.0,0.0,0.0,,0.0,0.0
2018-06,2018,KW,Kuwait,Middle East,OPEC,Naphtha,Refined products,150.0,0.0,95.0,0.0,,0.0
2018-06,2018,KW,Kuwait,Middle East,OPEC,Other crude inputs,Crude & NGL,0.0,0.0,0.0,,0.0,0.0
2018-06,2018,KW,Kuwait,Middle East,OPEC,Other products,Refined products,21.0,0.0,11.0,10.0,,0.0
2018-07,2018,KW,Kuwait,Middle East,OPEC,Crude oil,Crude & NGL,2800.0,0.0,2029.0,,709.0,0.0
2018-07,2018,KW,Kuwait,Middle East,OPEC,Diesel & gasoil,Refined products,180.0,0.0,113.0,63.0,,0.0
2018-07,2018,KW,Kuwait,Middle East,OPEC,Fuel oil,Refined products,162.0,0.0,64.0,137.0,,0.0
2018-07,2018,KW,Kuwait,Middle East,OPEC,Gasoline,Refined products,38.0,0.0,11.0,73.0,,0.0
2018-07,2018,KW,Kuwait,Middle East,OPEC,Kerosene & jet fuel,Refined products,151.0,0.0,100.0,18.0,,0.0
2018-07,2018,KW,Kuwait,Middle East,OPEC,LPG,Refined products,226.0,0.0,214.0,7.0,,0.0
2018-07,2018,KW,Kuwait,Middle East,OPEC,NGL,Crude & NGL,0.0,0.0,0.0,,0.0,0.0
2018-07,2018,KW,Kuwait,Middle East,OPEC,Naphtha,Refined products,156.0,0.0,107.0,0.0,,0.0
2018-07,2018,KW,Kuwait,Middle East,OPEC,Other crude inputs,Crude & NGL,0.0,0.0,0.0,,0.0,0.0
2018-07,2018,KW,Kuwait,Middle East,OPEC,Other products,Refined products,22.0,0.0,13.0,72.0,,0.0
2018-08,2018,KW,Kuwait,Middle East,OPEC,Crude oil,Crude & NGL,2800.0,0.0,2033.0,,707.0,0.0
2018-08,2018,KW,Kuwait,Middle East,OPEC,Diesel & gasoil,Refined products,179.0,0.0,123.0,55.0,,0.0
2018-08,2018,KW,Kuwait,Middle East,OPEC,Fuel oil,Refined products,162.0,0.0,69.0,120.0,,0.0
2018-08,2018,KW,Kuwait,Middle East,OPEC,Gasoline,Refined products,38.0,0.0,12.0,64.0,,0.0
2018-08,2018,KW,Kuwait,Middle East,OPEC,Kerosene & jet fuel,Refined products,150.0,0.0,109.0,16.0,,0.0
2018-08,2018,KW,Kuwait,Middle East,OPEC,LPG,Refined products,195.0,0.0,186.0,6.0,,0.0
2018-08,2018,KW,Kuwait,Middle East,OPEC,NGL,Crude & NGL,0.0,0.0,0.0,,0.0,0.0
2018-08,2018,KW,Kuwait,Middle East,OPEC,Naphtha,Refined products,156.0,0.0,117.0,0.0,,0.0
2018-08,2018,KW,Kuwait,Middle East,OPEC,Other crude inputs,Crude & NGL,0.0,0.0,0.0,,0.0,0.0
2018-08,2018,KW,Kuwait,Middle East,OPEC,Other products,Refined products,22.0,0.0,14.0,68.0,,0.0
2018-09,2018,KW,Kuwait,Middle East,OPEC,Crude oil,Crude & NGL,2752.0,0.0,2067.0,,677.0,0.0
2018-09,2018,KW,Kuwait,Middle East,OPEC,Diesel & gasoil,Refined products,172.0,0.0,117.0,53.0,,0.0
2018-09,2018,KW,Kuwait,Middle East,OPEC,Fuel oil,Refined products,155.0,0.0,66.0,115.0,,0.0
2018-09,2018,KW,Kuwait,Middle East,OPEC,Gasoline,Refined products,36.0,0.0,12.0,61.0,,0.0
2018-09,2018,KW,Kuwait,Middle East,OPEC,Kerosene & jet fuel,Refined products,144.0,0.0,104.0,15.0,,0.0
2018-09,2018,KW,Kuwait,Middle East,OPEC,LPG,Refined products,221.0,0.0,210.0,7.0,,0.0
2018-09,2018,KW,Kuwait,Middle East,OPEC,NGL,Crude & NGL,0.0,0.0,0.0,,0.0,0.0
2018-09,2018,KW,Kuwait,Middle East,OPEC,Naphtha,Refined products,149.0,0.0,111.0,0.0,,0.0
2018-09,2018,KW,Kuwait,Middle East,OPEC,Other crude inputs,Crude & NGL,0.0,0.0,0.0,,0.0,0.0
2018-09,2018,KW,Kuwait,Middle East,OPEC,Other products,Refined products,21.0,0.0,13.0,16.0,,0.0
2018-10,2018,KW,Kuwait,Middle East,OPEC,Crude oil,Crude & NGL,2733.0,0.0,2058.0,,665.0,0.0
2018-10,2018,KW,Kuwait,Middle East,OPEC,Diesel & gasoil,Refined products,169.0,0.0,126.0,44.0,,0.0
2018-10,2018,KW,Kuwait,Middle East,OPEC,Fuel oil,Refined products,152.0,0.0,71.0,95.0,,0.0
2018-10,2018,KW,Kuwait,Middle East,OPEC,Gasoline,Refined products,36.0,0.0,13.0,51.0,,0.0
2018-10,2018,KW,Kuwait,Middle East,OPEC,Kerosene & jet fuel,Refined products,141.0,0.0,112.0,13.0,,0.0
2018-10,2018,KW,Kuwait,Middle East,OPEC,LPG,Refined products,229.0,0.0,218.0,7.0,,0.0
2018-10,2018,KW,Kuwait,Middle East,OPEC,NGL,Crude & NGL,0.0,0.0,0.0,,0.0,0.0
2018-10,2018,KW,Kuwait,Middle East,OPEC,Naphtha,Refined products,146.0,0.0,120.0,0.0,,0.0
2018-10,2018,KW,Kuwait,Middle East,OPEC,Other crude inputs,Crude & NGL,0.0,0.0,0.0,,0.0,0.0
2018-10,2018,KW,Kuwait,Middle East,OPEC,Other products,Refined products,21.0,0.0,14.0,17.0,,0.0
2018-11,2018,KW,Kuwait,Middle East,OPEC,Crude oil,Crude & NGL,2730.0,0.0,2070.0,,650.0,0.0
2018-11,2018,KW,Kuwait,Middle East,OPEC,Diesel & gasoil,Refined products,165.0,0.0,128.0,39.0,,0.0
2018-11,2018,KW,Kuwait,Middle East,OPEC,Fuel oil,Refined products,149.0,0.0,72.0,85.0,,0.0
2018-11,2018,KW,Kuwait,Middle East,OPEC,Gasoline,Refined products,35.0,0.0,13.0,45.0,,0.0
2018-11,2018,KW,Kuwait,Middle East,OPEC,Kerosene & jet fuel,Refined products,139.0,0.0,114.0,11.0,,0.0
2018-11,2018,KW,Kuwait,Middle East,OPEC,LPG,Refined products,221.0,0.0,210.0,7.0,,0.0
2018-11,2018,KW,Kuwait,Middle East,OPEC,NGL,Crude & NGL,0.0,0.0,0.0,,0.0,0.0
2018-11,2018,KW,Kuwait,Middle East,OPEC,Naphtha,Refined products,143.0,0.0,122.0,0.0,,0.0
2018-11,2018,KW,Kuwait,Middle East,OPEC,Other crude inputs,Crude & NGL,0.0,0.0,0.0,,0.0,0.0
2018-11,2018,KW,Kuwait,Middle East,OPEC,Other products,Refined products,21.0,0.0,15.0,16.0,,0.0
2018-12,2018,KW,Kuwait,Middle East,OPEC,Crude oil,Crude & NGL,2802.0,0.0,2120.0,,682.0,0.0
2018-12,2018,KW,Kuwait,Middle East,OPEC,Diesel & gasoil,Refined products,173.0,0.0,138.0,38.0,,0.0
2018-12,2018,KW,Kuwait,Middle East,OPEC,Fuel oil,Refined products,156.0,0.0,78.0,83.0,,0.0
2018-12,2018,KW,Kuwait,Middle East,OPEC,Gasoline,Refined products,37.0,0.0,14.0,44.0,,0.0
2018-12,2018,KW,Kuwait,Middle East,OPEC,Kerosene & jet fuel,Refined products,145.0,0.0,123.0,11.0,,0.0
2018-12,2018,KW,Kuwait,Middle East,OPEC,LPG,Refined products,225.0,0.0,214.0,7.0,,0.0
2018-12,2018,KW,Kuwait,Middle East,OPEC,NGL,Crude & NGL,0.0,0.0,0.0,,0.0,0.0
2018-12,2018,KW,Kuwait,Middle East,OPEC,Naphtha,Refined products,150.0,0.0,131.0,0.0,,0.0
2018-12,2018,KW,Kuwait,Middle East,OPEC,Other crude inputs,Crude & NGL,0.0,0.0,0.0,,0.0,0.0
2018-12,2018,KW,Kuwait,Middle East,OPEC,Other products,Refined products,22.0,0.0,16.0,7.0,,0.0
2019-01,2019,KW,Kuwait,Middle East,OPEC,Crude oil,Crude & NGL,2715.0,0.0,2036.0,,679.0,0.0
2019-01,2019,KW,Kuwait,Middle East,OPEC,Diesel & gasoil,Refined products,172.0,0.0,141.0,36.0,,0.0
2019-01,2019,KW,Kuwait,Middle East,OPEC,Fuel oil,Refined products,155.0,0.0,80.0,77.0,,0.0
2019-01,2019,KW,Kuwait,Middle East,OPEC,Gasoline,Refined products,36.0,0.0,14.0,41.0,,0.0
2019-01,2019,KW,Kuwait,Middle East,OPEC,Kerosene & jet fuel,Refined products,144.0,0.0,125.0,10.0,,0.0
2019-01,2019,KW,Kuwait,Middle East,OPEC,LPG,Refined products,214.0,0.0,203.0,6.0,,0.0
2019-01,2019,KW,Kuwait,Middle East,OPEC,NGL,Crude & NGL,0.0,0.0,0.0,,0.0,0.0
2019-01,2019,KW,Kuwait,Middle East,OPEC,Naphtha,Refined products,149.0,0.0,134.0,0.0,,0.0
2019-01,2019,KW,Kuwait,Middle East,OPEC,Other crude inputs,Crude & NGL,0.0,0.0,0.0,,0.0,0.0
2019-01,2019,KW,Kuwait,Middle East,OPEC,Other products,Refined products,22.0,0.0,16.0,5.0,,0.0
2019-02,2019,KW,Kuwait,Middle East,OPEC,Crude oil,Crude & NGL,2707.0,0.0,2008.0,,699.0,0.0
2019-02,2019,KW,Kuwait,Middle East,OPEC,Diesel & gasoil,Refined products,177.0,0.0,140.0,40.0,,0.0
2019-02,2019,KW,Kuwait,Middle East,OPEC,Fuel oil,Refined products,160.0,0.0,79.0,87.0,,0.0
2019-02,2019,KW,Kuwait,Middle East,OPEC,Gasoline,Refined products,37.0,0.0,14.0,47.0,,0.0
2019-02,2019,KW,Kuwait,Middle East,OPEC,Kerosene & jet fuel,Refined products,149.0,0.0,125.0,12.0,,0.0
2019-02,2019,KW,Kuwait,Middle East,OPEC,LPG,Refined products,225.0,0.0,214.0,7.0,,0.0
2019-02,2019,KW,Kuwait,Middle East,OPEC,NGL,Crude & NGL,0.0,0.0,0.0,,0.0,0.0
2019-02,2019,KW,Kuwait,Middle East,OPEC,Naphtha,Refined products,154.0,0.0,133.0,0.0,,0.0
2019-02,2019,KW,Kuwait,Middle East,OPEC,Other crude inputs,Crude & NGL,0.0,0.0,0.0,,0.0,0.0
2019-02,2019,KW,Kuwait,Middle East,OPEC,Other products,Refined products,22.0,0.0,16.0,6.0,,0.0
2019-03,2019,KW,Kuwait,Middle East,OPEC,Crude oil,Crude & NGL,2713.0,0.0,2034.0,,678.0,0.0
2019-03,2019,KW,Kuwait,Middle East,OPEC,Diesel & gasoil,Refined products,172.0,0.0,134.0,41.0,,0.0
2019-03,2019,KW,Kuwait,Middle East,OPEC,Fuel oil,Refined products,155.0,0.0,76.0,88.0,,0.0
2019-03,2019,KW,Kuwait,Middle East,OPEC,Gasoline,Refined products,36.0,0.0,13.0,47.0,,0.0
2019-03,2019,KW,Kuwait,Middle East,OPEC,Kerosene & jet fuel,Refined products,144.0,0.0,119.0,12.0,,0.0
2019-03,2019,KW,Kuwait,Middle East,OPEC,LPG,Refined products,190.0,0.0,181.0,6.0,,0.0
2019-03,2019,KW,Kuwait,Middle East,OPEC,NGL,Crude & NGL,0.0,0.0,0.0,,0.0,0.0
2019-03,2019,KW,Kuwait,Middle East,OPEC,Naphtha,Refined products,149.0,0.0,127.0,0.0,,0.0
2019-03,2019,KW,Kuwait,Middle East,OPEC,Other crude inputs,Crude & NGL,0.0,0.0,0.0,,0.0,0.0
2019-03,2019,KW,Kuwait,Middle East,OPEC,Other products,Refined products,21.0,0.0,15.0,7.0,,0.0
2019-04,2019,KW,Kuwait,Middle East,OPEC,Crude oil,Crude & NGL,2690.0,0.0,2090.0,,600.0,0.0
2019-04,2019,KW,Kuwait,Middle East,OPEC,Diesel & gasoil,Refined products,152.0,0.0,115.0,39.0,,0.0
2019-04,2019,KW,Kuwait,Middle East,OPEC,Fuel oil,Refined products,137.0,0.0,65.0,84.0,,0.0
2019-04,2019,KW,Kuwait,Middle East,OPEC,Gasoline,Refined products,32.0,0.0,12.0,45.0,,0.0
2019-04,2019,KW,Kuwait,Middle East,OPEC,Kerosene & jet fuel,Refined products,128.0,0.0,102.0,11.0,,0.0
2019-04,2019,KW,Kuwait,Middle East,OPEC,LPG,Refined products,176.0,0.0,167.0,5.0,,0.0
2019-04,2019,KW,Kuwait,Middle East,OPEC,NGL,Crude & NGL,0.0,0.0,0.0,,0.0,0.0
2019-04,2019,KW,Kuwait,Middle East,OPEC,Naphtha,Refined products,132.0,0.0,109.0,0.0,,0.0
2019-04,2019,KW,Kuwait,Middle East,OPEC,Other crude inputs,Crude & NGL,0.0,0.0,0.0,,0.0,0.0
2019-04,2019,KW,Kuwait,Middle East,OPEC,Other products,Refined products,19.0,0.0,13.0,6.0,,0.0
2019-05,2019,KW,Kuwait,Middle East,OPEC,Crude oil,Crude & NGL,2709.0,0.0,1986.0,,698.0,0.0
2019-05,2019,KW,Kuwait,Middle East,OPEC,Diesel & gasoil,Refined products,177.0,0.0,127.0,50.0,,0.0
2019-05,2019,KW,Kuwait,Middle East,OPEC,Fuel oil,Refined products,160.0,0.0,72.0,108.0,,0.0
2019-05,2019,KW,Kuwait,Middle East,OPEC,Gasoline,Refined products,37.0,0.0,13.0,58.0,,0.0
2019-05,2019,KW,Kuwait,Middle East,OPEC,Kerosene & jet fuel,Refined products,148.0,0.0,113.0,14.0,,0.0
2019-05,2019,KW,Kuwait,Middle East,OPEC,LPG,Refined products,180.0,0.0,171.0,5.0,,0.0
2019-05,2019,KW,Kuwait,Middle East,OPEC,NGL,Crude & NGL,0.0,0.0,0.0,,0.0,0.0
2019-05,2019,KW,Kuwait,Middle East,OPEC,Naphtha,Refined products,154.0,0.0,121.0,0.0,,0.0
2019-05,2019,KW,Kuwait,Middle East,OPEC,Other crude inputs,Crude & NGL,0.0,0.0,0.0,,0.0,0.0
2019-05,2019,KW,Kuwait,Middle East,OPEC,Other products,Refined products,22.0,0.0,15.0,33.0,,0.0
2019-06,2019,KW,Kuwait,Middle East,OPEC,Crude oil,Crude & NGL,2643.0,0.0,1997.0,,618.0,0.0
2019-06,2019,KW,Kuwait,Middle East,OPEC,Diesel & gasoil,Refined products,157.0,0.0,97.0,56.0,,0.0
2019-06,2019,KW,Kuwait,Middle East,OPEC,Fuel oil,Refined products,141.0,0.0,55.0,121.0,,0.0
2019-06,2019,KW,Kuwait,Middle East,OPEC,Gasoline,Refined products,33.0,0.0,10.0,64.0,,0.0
2019-06,2019,KW,Kuwait,Middle East,OPEC,Kerosene & jet fuel,Refined products,131.0,0.0,87.0,16.0,,0.0
2019-06,2019,KW,Kuwait,Middle East,OPEC,LPG,Refined products,179.0,0.0,170.0,5.0,,0.0
2019-06,2019,KW,Kuwait,Middle East,OPEC,NGL,Crude & NGL,0.0,0.0,0.0,,0.0,0.0
2019-06,2019,KW,Kuwait,Middle East,OPEC,Naphtha,Refined products,136.0,0.0,93.0,0.0,,0.0
2019-06,2019,KW,Kuwait,Middle East,OPEC,Other crude inputs,Crude & NGL,0.0,0.0,0.0,,0.0,0.0
2019-06,2019,KW,Kuwait,Middle East,OPEC,Other products,Refined products,20.0,0.0,11.0,36.0,,0.0
2019-07,2019,KW,Kuwait,Middle East,OPEC,Crude oil,Crude & NGL,2652.0,0.0,1991.0,,640.0,0.0
2019-07,2019,KW,Kuwait,Middle East,OPEC,Diesel & gasoil,Refined products,162.0,0.0,105.0,55.0,,0.0
2019-07,2019,KW,Kuwait,Middle East,OPEC,Fuel oil,Refined products,146.0,0.0,59.0,119.0,,0.0
2019-07,2019,KW,Kuwait,Middle East,OPEC,Gasoline,Refined products,34.0,0.0,11.0,63.0,,0.0
2019-07,2019,KW,Kuwait,Middle East,OPEC,Kerosene & jet fuel,Refined products,136.0,0.0,93.0,16.0,,0.0
2019-07,2019,KW,Kuwait,Middle East,OPEC,LPG,Refined products,178.0,0.0,169.0,5.0,,0.0
2019-07,2019,KW,Kuwait,Middle East,OPEC,NGL,Crude & NGL,0.0,0.0,0.0,,0.0,0.0
2019-07,2019,KW,Kuwait,Middle East,OPEC,Naphtha,Refined products,141.0,0.0,99.0,0.0,,0.0
2019-07,2019,KW,Kuwait,Middle East,OPEC,Other crude inputs,Crude & NGL,0.0,0.0,0.0,,0.0,0.0
2019-07,2019,KW,Kuwait,Middle East,OPEC,Other products,Refined products,20.0,0.0,12.0,29.0,,0.0
2019-08,2019,KW,Kuwait,Middle East,OPEC,Crude oil,Crude & NGL,2605.0,0.0,1915.0,,670.0,0.0
2019-08,2019,KW,Kuwait,Middle East,OPEC,Diesel & gasoil,Refined products,170.0,0.0,97.0,75.0,,0.0
2019-08,2019,KW,Kuwait,Middle East,OPEC,Fuel oil,Refined products,153.0,0.0,55.0,144.0,,0.0
2019-08,2019,KW,Kuwait,Middle East,OPEC,Gasoline,Refined products,36.0,0.0,8.0,70.0,,0.0
2019-08,2019,KW,Kuwait,Middle East,OPEC,Kerosene & jet fuel,Refined products,142.0,0.0,87.0,19.0,,0.0
2019-08,2019,KW,Kuwait,Middle East,OPEC,LPG,Refined products,169.0,0.0,161.0,5.0,,0.0
2019-08,2019,KW,Kuwait,Middle East,OPEC,NGL,Crude & NGL,0.0,0.0,0.0,,0.0,0.0
2019-08,2019,KW,Kuwait,Middle East,OPEC,Naphtha,Refined products,147.0,0.0,93.0,0.0,,0.0
2019-08,2019,KW,Kuwait,Middle East,OPEC,Other crude inputs,Crude & NGL,0.0,0.0,0.0,,0.0,0.0
2019-08,2019,KW,Kuwait,Middle East,OPEC,Other products,Refined products,21.0,0.0,11.0,29.0,,0.0
2019-09,2019,KW,Kuwait,Middle East,OPEC,Crude oil,Crude & NGL,2650.0,0.0,2056.0,,694.0,0.0
2019-09,2019,KW,Kuwait,Middle East,OPEC,Diesel & gasoil,Refined products,181.0,0.0,107.0,62.0,,0.0
2019-09,2019,KW,Kuwait,Middle East,OPEC,Fuel oil,Refined products,145.0,0.0,29.0,125.0,,0.0
2019-09,2019,KW,Kuwait,Middle East,OPEC,Gasoline,Refined products,65.0,7.0,0.0,84.0,,0.0
2019-09,2019,KW,Kuwait,Middle East,OPEC,Kerosene & jet fuel,Refined products,146.0,0.0,132.0,26.0,,0.0
2019-09,2019,KW,Kuwait,Middle East,OPEC,LPG,Refined products,183.0,0.0,163.0,7.0,,0.0
2019-09,2019,KW,Kuwait,Middle East,OPEC,NGL,Crude & NGL,0.0,0.0,0.0,,0.0,0.0
2019-09,2019,KW,Kuwait,Middle East,OPEC,Naphtha,Refined products,159.0,0.0,121.0,65.0,,0.0
2019-09,2019,KW,Kuwait,Middle East,OPEC,Other crude inputs,Crude & NGL,0.0,0.0,0.0,,0.0,0.0
2019-09,2019,KW,Kuwait,Middle East,OPEC,Other products,Refined products,29.0,0.0,13.0,26.0,,0.0
2019-10,2019,KW,Kuwait,Middle East,OPEC,Crude oil,Crude & NGL,2633.0,0.0,1875.0,,690.0,0.0
2019-10,2019,KW,Kuwait,Middle East,OPEC,Diesel & gasoil,Refined products,169.0,0.0,117.0,61.0,,0.0
2019-10,2019,KW,Kuwait,Middle East,OPEC,Fuel oil,Refined products,193.0,0.0,24.0,109.0,,0.0
2019-10,2019,KW,Kuwait,Middle East,OPEC,Gasoline,Refined products,57.0,8.0,0.0,87.0,,0.0
2019-10,2019,KW,Kuwait,Middle East,OPEC,Kerosene & jet fuel,Refined products,150.0,0.0,104.0,17.0,,0.0
2019-10,2019,KW,Kuwait,Middle East,OPEC,LPG,Refined products,191.0,0.0,152.0,7.0,,0.0
2019-10,2019,KW,Kuwait,Middle East,OPEC,NGL,Crude & NGL,0.0,0.0,0.0,,0.0,0.0
2019-10,2019,KW,Kuwait,Middle East,OPEC,Naphtha,Refined products,153.0,0.0,113.0,68.0,,0.0
2019-10,2019,KW,Kuwait,Middle East,OPEC,Other crude inputs,Crude & NGL,0.0,0.0,0.0,,0.0,0.0
2019-10,2019,KW,Kuwait,Middle East,OPEC,Other products,Refined products,22.0,0.0,13.0,11.0,,0.0
2019-11,2019,KW,Kuwait,Middle East,OPEC,Crude oil,Crude & NGL,2706.0,0.0,1778.0,,661.0,0.0
2019-11,2019,KW,Kuwait,Middle East,OPEC,Diesel & gasoil,Refined products,163.0,0.0,110.0,53.0,,0.0
2019-11,2019,KW,Kuwait,Middle East,OPEC,Fuel oil,Refined products,142.0,0.0,86.0,91.0,,0.0
2019-11,2019,KW,Kuwait,Middle East,OPEC,Gasoline,Refined products,61.0,21.0,0.0,84.0,,0.0
2019-11,2019,KW,Kuwait,Middle East,OPEC,Kerosene & jet fuel,Refined products,138.0,0.0,114.0,21.0,,0.0
2019-11,2019,KW,Kuwait,Middle East,OPEC,LPG,Refined products,190.0,0.0,148.0,6.0,,0.0
2019-11,2019,KW,Kuwait,Middle East,OPEC,NGL,Crude & NGL,0.0,0.0,0.0,,0.0,0.0
2019-11,2019,KW,Kuwait,Middle East,OPEC,Naphtha,Refined products,158.0,0.0,118.0,66.0,,0.0
2019-11,2019,KW,Kuwait,Middle East,OPEC,Other crude inputs,Crude & NGL,0.0,0.0,0.0,,0.0,0.0
2019-11,2019,KW,Kuwait,Middle East,OPEC,Other products,Refined products,26.0,0.0,7.0,11.0,,0.0
2019-12,2019,KW,Kuwait,Middle East,OPEC,Crude oil,Crude & NGL,2711.0,0.0,2212.0,,543.0,0.0
2019-12,2019,KW,Kuwait,Middle East,OPEC,Diesel & gasoil,Refined products,136.0,0.0,108.0,48.0,,0.0
2019-12,2019,KW,Kuwait,Middle East,OPEC,Fuel oil,Refined products,99.0,0.0,19.0,64.0,,0.0
2019-12,2019,KW,Kuwait,Middle East,OPEC,Gasoline,Refined products,68.0,16.0,0.0,82.0,,0.0
2019-12,2019,KW,Kuwait,Middle East,OPEC,Kerosene & jet fuel,Refined products,118.0,0.0,97.0,25.0,,0.0
2019-12,2019,KW,Kuwait,Middle East,OPEC,LPG,Refined products,167.0,0.0,128.0,8.0,,0.0
2019-12,2019,KW,Kuwait,Middle East,OPEC,NGL,Crude & NGL,0.0,0.0,0.0,,0.0,0.0
2019-12,2019,KW,Kuwait,Middle East,OPEC,Naphtha,Refined products,128.0,0.0,92.0,56.0,,0.0
2019-12,2019,KW,Kuwait,Middle East,OPEC,Other crude inputs,Crude & NGL,0.0,0.0,0.0,,0.0,0.0
2019-12,2019,KW,Kuwait,Middle East,OPEC,Other products,Refined products,24.0,0.0,11.0,18.0,,0.0
2020-01,2020,KW,Kuwait,Middle East,OPEC,Crude oil,Crude & NGL,2660.0,0.0,2049.0,,599.0,0.0
2020-01,2020,KW,Kuwait,Middle East,OPEC,Diesel & gasoil,Refined products,149.0,0.0,78.0,40.0,,0.0
2020-01,2020,KW,Kuwait,Middle East,OPEC,Fuel oil,Refined products,113.0,11.0,73.0,72.0,,0.0
2020-01,2020,KW,Kuwait,Middle East,OPEC,Gasoline,Refined products,62.0,23.0,0.0,77.0,,0.0
2020-01,2020,KW,Kuwait,Middle East,OPEC,Kerosene & jet fuel,Refined products,128.0,0.0,128.0,21.0,,0.0
2020-01,2020,KW,Kuwait,Middle East,OPEC,LPG,Refined products,174.0,0.0,177.0,7.0,,0.0
2020-01,2020,KW,Kuwait,Middle East,OPEC,NGL,Crude & NGL,0.0,0.0,0.0,,0.0,0.0
2020-01,2020,KW,Kuwait,Middle East,OPEC,Naphtha,Refined products,142.0,0.0,83.0,68.0,,0.0
2020-01,2020,KW,Kuwait,Middle East,OPEC,Other crude inputs,Crude & NGL,0.0,0.0,0.0,,0.0,0.0
2020-01,2020,KW,Kuwait,Middle East,OPEC,Other products,Refined products,29.0,1.0,18.0,22.0,,0.0
2020-02,2020,KW,Kuwait,Middle East,OPEC,Crude oil,Crude & NGL,2665.0,0.0,2237.0,,568.0,0.0
2020-02,2020,KW,Kuwait,Middle East,OPEC,Diesel & gasoil,Refined products,137.0,0.0,96.0,45.0,,0.0
2020-02,2020,KW,Kuwait,Middle East,OPEC,Fuel oil,Refined products,117.0,37.0,10.0,96.0,,0.0
2020-02,2020,KW,Kuwait,Middle East,OPEC,Gasoline,Refined products,55.0,28.0,0.0,80.0,,0.0
2020-02,2020,KW,Kuwait,Middle East,OPEC,Kerosene & jet fuel,Refined products,107.0,0.0,101.0,22.0,,0.0
2020-02,2020,KW,Kuwait,Middle East,OPEC,LPG,Refined products,176.0,0.0,119.0,7.0,,0.0
2020-02,2020,KW,Kuwait,Middle East,OPEC,NGL,Crude & NGL,0.0,0.0,0.0,,0.0,0.0
2020-02,2020,KW,Kuwait,Middle East,OPEC,Naphtha,Refined products,136.0,0.0,107.0,75.0,,0.0
2020-02,2020,KW,Kuwait,Middle East,OPEC,Other crude inputs,Crude & NGL,0.0,0.0,0.0,,0.0,0.0
2020-02,2020,KW,Kuwait,Middle East,OPEC,Other products,Refined products,26.0,0.0,4.0,17.0,,0.0
2020-03,2020,KW,Kuwait,Middle East,OPEC,Crude oil,Crude & NGL,2901.0,0.0,2259.0,,470.0,0.0
2020-03,2020,KW,Kuwait,Middle East,OPEC,Diesel & gasoil,Refined products,113.0,0.0,73.0,42.0,,0.0
2020-03,2020,KW,Kuwait,Middle East,OPEC,Fuel oil,Refined products,54.0,18.0,0.0,78.0,,0.0
2020-03,2020,KW,Kuwait,Middle East,OPEC,Gasoline,Refined products,51.0,9.0,0.0,55.0,,0.0
2020-03,2020,KW,Kuwait,Middle East,OPEC,Kerosene & jet fuel,Refined products,78.0,0.0,66.0,9.0,,0.0
2020-03,2020,KW,Kuwait,Middle East,OPEC,LPG,Refined products,176.0,0.0,156.0,7.0,,0.0
2020-03,2020,KW,Kuwait,Middle East,OPEC,NGL,Crude & NGL,0.0,0.0,0.0,,0.0,0.0
2020-03,2020,KW,Kuwait,Middle East,OPEC,Naphtha,Refined products,106.0,0.0,65.0,52.0,,0.0
2020-03,2020,KW,Kuwait,Middle East,OPEC,Other crude inputs,Crude & NGL,0.0,0.0,0.0,,0.0,0.0
2020-03,2020,KW,Kuwait,Middle East,OPEC,Other products,Refined products,25.0,0.0,15.0,21.0,,0.0
2020-04,2020,KW,Kuwait,Middle East,OPEC,Crude oil,Crude & NGL,3151.0,0.0,2395.0,,560.0,0.0
2020-04,2020,KW,Kuwait,Middle East,OPEC,Diesel & gasoil,Refined products,181.0,0.0,106.0,41.0,,0.0
2020-04,2020,KW,Kuwait,Middle East,OPEC,Fuel oil,Refined products,61.0,0.0,0.0,60.0,,0.0
2020-04,2020,KW,Kuwait,Middle East,OPEC,Gasoline,Refined products,32.0,18.0,0.0,34.0,,0.0
2020-04,2020,KW,Kuwait,Middle East,OPEC,Kerosene & jet fuel,Refined products,111.0,0.0,93.0,8.0,,0.0
2020-04,2020,KW,Kuwait,Middle East,OPEC,LPG,Refined products,191.0,0.0,163.0,6.0,,0.0
2020-04,2020,KW,Kuwait,Middle East,OPEC,NGL,Crude & NGL,0.0,0.0,0.0,,0.0,0.0
2020-04,2020,KW,Kuwait,Middle East,OPEC,Naphtha,Refined products,167.0,0.0,122.0,59.0,,0.0
2020-04,2020,KW,Kuwait,Middle East,OPEC,Other crude inputs,Crude & NGL,0.0,0.0,0.0,,0.0,0.0
2020-04,2020,KW,Kuwait,Middle East,OPEC,Other products,Refined products,28.0,1.0,20.0,33.0,,0.0
2020-05,2020,KW,Kuwait,Middle East,OPEC,Crude oil,Crude & NGL,2191.0,0.0,1670.0,,585.0,0.0
2020-05,2020,KW,Kuwait,Middle East,OPEC,Diesel & gasoil,Refined products,210.0,0.0,164.0,32.0,,0.0
2020-05,2020,KW,Kuwait,Middle East,OPEC,Fuel oil,Refined products,64.0,0.0,24.0,46.0,,0.0
2020-05,2020,KW,Kuwait,Middle East,OPEC,Gasoline,Refined products,16.0,0.0,0.0,20.0,,0.0
2020-05,2020,KW,Kuwait,Middle East,OPEC,Kerosene & jet fuel,Refined products,125.0,0.0,123.0,9.0,,0.0
2020-05,2020,KW,Kuwait,Middle East,OPEC,LPG,Refined products,175.0,0.0,122.0,6.0,,0.0
2020-05,2020,KW,Kuwait,Middle East,OPEC,NGL,Crude & NGL,0.0,0.0,0.0,,0.0,0.0
2020-05,2020,KW,Kuwait,Middle East,OPEC,Naphtha,Refined products,194.0,0.0,138.0,62.0,,0.0
2020-05,2020,KW,Kuwait,Middle East,OPEC,Other crude inputs,Crude & NGL,0.0,0.0,0.0,,0.0,0.0
2020-05,2020,KW,Kuwait,Middle East,OPEC,Other products,Refined products,31.0,0.0,19.0,86.0,,0.0
2020-06,2020,KW,Kuwait,Middle East,OPEC,Crude oil,Crude & NGL,2088.0,0.0,1398.0,,580.0,0.0
2020-06,2020,KW,Kuwait,Middle East,OPEC,Diesel & gasoil,Refined products,201.0,0.0,181.0,44.0,,0.0
2020-06,2020,KW,Kuwait,Middle East,OPEC,Fuel oil,Refined products,62.0,0.0,1.0,42.0,,0.0
2020-06,2020,KW,Kuwait,Middle East,OPEC,Gasoline,Refined products,40.0,0.0,0.0,45.0,,0.0
2020-06,2020,KW,Kuwait,Middle East,OPEC,Kerosene & jet fuel,Refined products,123.0,0.0,127.0,8.0,,0.0
2020-06,2020,KW,Kuwait,Middle East,OPEC,LPG,Refined products,179.0,0.0,121.0,6.0,,0.0
2020-06,2020,KW,Kuwait,Middle East,OPEC,NGL,Crude & NGL,0.0,0.0,0.0,,0.0,0.0
2020-06,2020,KW,Kuwait,Middle East,OPEC,Naphtha,Refined products,179.0,0.0,142.0,67.0,,0.0
2020-06,2020,KW,Kuwait,Middle East,OPEC,Other crude inputs,Crude & NGL,0.0,0.0,0.0,,0.0,0.0
2020-06,2020,KW,Kuwait,Middle East,OPEC,Other products,Refined products,30.0,0.0,22.0,149.0,,0.0
2020-07,2020,KW,Kuwait,Middle East,OPEC,Crude oil,Crude & NGL,2158.0,0.0,1495.0,,529.0,0.0
2020-07,2020,KW,Kuwait,Middle East,OPEC,Diesel & gasoil,Refined products,174.0,0.0,117.0,69.0,,0.0
2020-07,2020,KW,Kuwait,Middle East,OPEC,Fuel oil,Refined products,36.0,0.0,26.0,20.0,,0.0
2020-07,2020,KW,Kuwait,Middle East,OPEC,Gasoline,Refined products,59.0,0.0,0.0,63.0,,0.0
2020-07,2020,KW,Kuwait,Middle East,OPEC,Kerosene & jet fuel,Refined products,125.0,0.0,113.0,9.0,,0.0
2020-07,2020,KW,Kuwait,Middle East,OPEC,LPG,Refined products,174.0,0.0,116.0,5.0,,0.0
2020-07,2020,KW,Kuwait,Middle East,OPEC,NGL,Crude & NGL,0.0,0.0,0.0,,0.0,0.0
2020-07,2020,KW,Kuwait,Middle East,OPEC,Naphtha,Refined products,140.0,0.0,90.0,63.0,,0.0
2020-07,2020,KW,Kuwait,Middle East,OPEC,Other crude inputs,Crude & NGL,0.0,0.0,0.0,,0.0,0.0
2020-07,2020,KW,Kuwait,Middle East,OPEC,Other products,Refined products,32.0,1.0,19.0,191.0,,0.0
2020-08,2020,KW,Kuwait,Middle East,OPEC,Crude oil,Crude & NGL,2289.0,0.0,1597.0,,594.0,0.0
2020-08,2020,KW,Kuwait,Middle East,OPEC,Diesel & gasoil,Refined products,189.0,0.0,91.0,79.0,,0.0
2020-08,2020,KW,Kuwait,Middle East,OPEC,Fuel oil,Refined products,57.0,0.0,19.0,25.0,,0.0
2020-08,2020,KW,Kuwait,Middle East,OPEC,Gasoline,Refined products,65.0,0.0,0.0,68.0,,0.0
2020-08,2020,KW,Kuwait,Middle East,OPEC,Kerosene & jet fuel,Refined products,127.0,0.0,120.0,3.0,,0.0
2020-08,2020,KW,Kuwait,Middle East,OPEC,LPG,Refined products,188.0,0.0,172.0,5.0,,0.0
2020-08,2020,KW,Kuwait,Middle East,OPEC,NGL,Crude & NGL,0.0,0.0,0.0,,0.0,0.0
2020-08,2020,KW,Kuwait,Middle East,OPEC,Naphtha,Refined products,144.0,0.0,106.0,69.0,,0.0
2020-08,2020,KW,Kuwait,Middle East,OPEC,Other crude inputs,Crude & NGL,0.0,0.0,0.0,,0.0,0.0
2020-08,2020,KW,Kuwait,Middle East,OPEC,Other products,Refined products,33.0,0.0,27.0,171.0,,0.0
2020-09,2020,KW,Kuwait,Middle East,OPEC,Crude oil,Crude & NGL,2290.0,0.0,1699.0,,601.0,0.0
2020-09,2020,KW,Kuwait,Middle East,OPEC,Diesel & gasoil,Refined products,205.0,0.0,184.0,57.0,,0.0
2020-09,2020,KW,Kuwait,Middle East,OPEC,Fuel oil,Refined products,57.0,0.0,39.0,46.0,,0.0
2020-09,2020,KW,Kuwait,Middle East,OPEC,Gasoline,Refined products,54.0,0.0,0.0,75.0,,0.0
2020-09,2020,KW,Kuwait,Middle East,OPEC,Kerosene & jet fuel,Refined products,117.0,0.0,112.0,10.0,,0.0
2020-09,2020,KW,Kuwait,Middle East,OPEC,LPG,Refined products,180.0,0.0,208.0,6.0,,0.0
2020-09,2020,KW,Kuwait,Middle East,OPEC,NGL,Crude & NGL,0.0,0.0,0.0,,0.0,0.0
2020-09,2020,KW,Kuwait,Middle East,OPEC,Naphtha,Refined products,161.0,0.0,107.0,71.0,,0.0
2020-09,2020,KW,Kuwait,Middle East,OPEC,Other crude inputs,Crude & NGL,0.0,0.0,0.0,,0.0,0.0
2020-09,2020,KW,Kuwait,Middle East,OPEC,Other products,Refined products,33.0,1.0,24.0,134.0,,0.0
2020-10,2020,KW,Kuwait,Middle East,OPEC,Crude oil,Crude & NGL,2290.0,0.0,1698.0,,602.0,0.0
2020-10,2020,KW,Kuwait,Middle East,OPEC,Diesel & gasoil,Refined products,199.0,0.0,130.0,52.0,,0.0
2020-10,2020,KW,Kuwait,Middle East,OPEC,Fuel oil,Refined products,92.0,0.0,18.0,55.0,,0.0
2020-10,2020,KW,Kuwait,Middle East,OPEC,Gasoline,Refined products,50.0,17.0,0.0,72.0,,0.0
2020-10,2020,KW,Kuwait,Middle East,OPEC,Kerosene & jet fuel,Refined products,117.0,0.0,106.0,15.0,,0.0
2020-10,2020,KW,Kuwait,Middle East,OPEC,LPG,Refined products,170.0,0.0,122.0,6.0,,0.0
2020-10,2020,KW,Kuwait,Middle East,OPEC,NGL,Crude & NGL,0.0,0.0,0.0,,0.0,0.0
2020-10,2020,KW,Kuwait,Middle East,OPEC,Naphtha,Refined products,173.0,0.0,94.0,65.0,,0.0
2020-10,2020,KW,Kuwait,Middle East,OPEC,Other crude inputs,Crude & NGL,0.0,0.0,0.0,,0.0,0.0
2020-10,2020,KW,Kuwait,Middle East,OPEC,Other products,Refined products,34.0,1.0,19.0,67.0,,0.0
2020-11,2020,KW,Kuwait,Middle East,OPEC,Crude oil,Crude & NGL,2295.0,0.0,1588.0,,640.0,0.0
2020-11,2020,KW,Kuwait,Middle East,OPEC,Diesel & gasoil,Refined products,210.0,0.0,174.0,42.0,,0.0
2020-11,2020,KW,Kuwait,Middle East,OPEC,Fuel oil,Refined products,91.0,0.0,9.0,79.0,,0.0
2020-11,2020,KW,Kuwait,Middle East,OPEC,Gasoline,Refined products,59.0,0.0,0.0,74.0,,0.0
2020-11,2020,KW,Kuwait,Middle East,OPEC,Kerosene & jet fuel,Refined products,104.0,0.0,98.0,9.0,,0.0
2020-11,2020,KW,Kuwait,Middle East,OPEC,LPG,Refined products,177.0,0.0,152.0,7.0,,0.0
2020-11,2020,KW,Kuwait,Middle East,OPEC,NGL,Crude & NGL,0.0,0.0,0.0,,0.0,0.0
2020-11,2020,KW,Kuwait,Middle East,OPEC,Naphtha,Refined products,152.0,0.0,123.0,71.0,,0.0
2020-11,2020,KW,Kuwait,Middle East,OPEC,Other crude inputs,Crude & NGL,0.0,0.0,0.0,,0.0,0.0
2020-11,2020,KW,Kuwait,Middle East,OPEC,Other products,Refined products,31.0,1.0,23.0,36.0,,0.0
2020-12,2020,KW,Kuwait,Middle East,OPEC,Crude oil,Crude & NGL,2295.0,0.0,1705.0,,592.0,0.0
2020-12,2020,KW,Kuwait,Middle East,OPEC,Diesel & gasoil,Refined products,200.0,0.0,144.0,38.0,,0.0
2020-12,2020,KW,Kuwait,Middle East,OPEC,Fuel oil,Refined products,71.0,0.0,0.0,99.0,,0.0
2020-12,2020,KW,Kuwait,Middle East,OPEC,Gasoline,Refined products,68.0,8.0,0.0,75.0,,0.0
2020-12,2020,KW,Kuwait,Middle East,OPEC,Kerosene & jet fuel,Refined products,117.0,0.0,121.0,8.0,,0.0
2020-12,2020,KW,Kuwait,Middle East,OPEC,LPG,Refined products,173.0,0.0,138.0,7.0,,0.0
2020-12,2020,KW,Kuwait,Middle East,OPEC,NGL,Crude & NGL,0.0,0.0,0.0,,0.0,0.0
2020-12,2020,KW,Kuwait,Middle East,OPEC,Naphtha,Refined products,142.0,0.0,88.0,71.0,,0.0
2020-12,2020,KW,Kuwait,Middle East,OPEC,Other crude inputs,Crude & NGL,0.0,0.0,0.0,,0.0,0.0
2020-12,2020,KW,Kuwait,Middle East,OPEC,Other products,Refined products,30.0,0.0,18.0,39.0,,0.0
2021-01,2021,KW,Kuwait,Middle East,OPEC,Crude oil,Crude & NGL,2325.0,0.0,1705.0,,601.0,0.0
2021-01,2021,KW,Kuwait,Middle East,OPEC,Diesel & gasoil,Refined products,186.0,0.0,109.0,64.0,,0.0
2021-01,2021,KW,Kuwait,Middle East,OPEC,Fuel oil,Refined products,88.0,41.0,2.0,99.0,,0.0
2021-01,2021,KW,Kuwait,Middle East,OPEC,Gasoline,Refined products,60.0,9.0,0.0,74.0,,0.0
2021-01,2021,KW,Kuwait,Middle East,OPEC,Kerosene & jet fuel,Refined products,124.0,0.0,91.0,10.0,,0.0
2021-01,2021,KW,Kuwait,Middle East,OPEC,LPG,Refined products,173.0,0.0,141.0,7.0,,0.0
2021-01,2021,KW,Kuwait,Middle East,OPEC,NGL,Crude & NGL,0.0,0.0,0.0,,0.0,0.0
2021-01,2021,KW,Kuwait,Middle East,OPEC,Naphtha,Refined products,131.0,0.0,126.0,52.0,,0.0
2021-01,2021,KW,Kuwait,Middle East,OPEC,Other crude inputs,Crude & NGL,0.0,0.0,0.0,,0.0,0.0
2021-01,2021,KW,Kuwait,Middle East,OPEC,Other products,Refined products,34.0,1.0,32.0,41.0,,0.0
2021-02,2021,KW,Kuwait,Middle East,OPEC,Crude oil,Crude & NGL,2329.0,0.0,1765.0,,590.0,0.0
2021-02,2021,KW,Kuwait,Middle East,OPEC,Diesel & gasoil,Refined products,182.0,0.0,127.0,67.0,,0.0
2021-02,2021,KW,Kuwait,Middle East,OPEC,Fuel oil,Refined products,57.0,36.0,17.0,94.0,,0.0
2021-02,2021,KW,Kuwait,Middle East,OPEC,Gasoline,Refined products,62.0,0.0,0.0,72.0,,0.0
2021-02,2021,KW,Kuwait,Middle East,OPEC,Kerosene & jet fuel,Refined products,114.0,0.0,120.0,9.0,,0.0
2021-02,2021,KW,Kuwait,Middle East,OPEC,LPG,Refined products,188.0,0.0,165.0,7.0,,0.0
2021-02,2021,KW,Kuwait,Middle East,OPEC,NGL,Crude & NGL,0.0,0.0,0.0,,0.0,0.0
2021-02,2021,KW,Kuwait,Middle East,OPEC,Naphtha,Refined products,131.0,0.0,117.0,72.0,,0.0
2021-02,2021,KW,Kuwait,Middle East,OPEC,Other crude inputs,Crude & NGL,0.0,0.0,0.0,,0.0,0.0
2021-02,2021,KW,Kuwait,Middle East,OPEC,Other products,Refined products,31.0,0.0,19.0,32.0,,0.0
2021-03,2021,KW,Kuwait,Middle East,OPEC,Crude oil,Crude & NGL,2327.0,0.0,1755.0,,604.0,0.0
2021-03,2021,KW,Kuwait,Middle East,OPEC,Diesel & gasoil,Refined products,196.0,0.0,139.0,51.0,,0.0
2021-03,2021,KW,Kuwait,Middle East,OPEC,Fuel oil,Refined products,103.0,16.0,20.0,72.0,,0.0
2021-03,2021,KW,Kuwait,Middle East,OPEC,Gasoline,Refined products,51.0,0.0,0.0,63.0,,0.0
2021-03,2021,KW,Kuwait,Middle East,OPEC,Kerosene & jet fuel,Refined products,99.0,0.0,105.0,9.0,,0.0
2021-03,2021,KW,Kuwait,Middle East,OPEC,LPG,Refined products,176.0,0.0,120.0,6.0,,0.0
2021-03,2021,KW,Kuwait,Middle East,OPEC,NGL,Crude & NGL,0.0,0.0,0.0,,0.0,0.0
2021-03,2021,KW,Kuwait,Middle East,OPEC,Naphtha,Refined products,126.0,0.0,105.0,74.0,,0.0
2021-03,2021,KW,Kuwait,Middle East,OPEC,Other crude inputs,Crude & NGL,0.0,0.0,0.0,,0.0,0.0
2021-03,2021,KW,Kuwait,Middle East,OPEC,Other products,Refined products,26.0,1.0,21.0,22.0,,0.0
2021-04,2021,KW,Kuwait,Middle East,OPEC,Crude oil,Crude & NGL,2327.0,0.0,1694.0,,600.0,0.0
2021-04,2021,KW,Kuwait,Middle East,OPEC,Diesel & gasoil,Refined products,160.0,0.0,168.0,43.0,,0.0
2021-04,2021,KW,Kuwait,Middle East,OPEC,Fuel oil,Refined products,102.0,0.0,9.0,96.0,,0.0
2021-04,2021,KW,Kuwait,Middle East,OPEC,Gasoline,Refined products,65.0,0.0,0.0,61.0,,0.0
2021-04,2021,KW,Kuwait,Middle East,OPEC,Kerosene & jet fuel,Refined products,137.0,0.0,118.0,6.0,,0.0
2021-04,2021,KW,Kuwait,Middle East,OPEC,LPG,Refined products,189.0,0.0,152.0,6.0,,0.0
2021-04,2021,KW,Kuwait,Middle East,OPEC,NGL,Crude & NGL,0.0,0.0,0.0,,0.0,0.0
2021-04,2021,KW,Kuwait,Middle East,OPEC,Naphtha,Refined products,133.0,0.0,116.0,75.0,,0.0
2021-04,2021,KW,Kuwait,Middle East,OPEC,Other crude inputs,Crude & NGL,0.0,0.0,0.0,,0.0,0.0
2021-04,2021,KW,Kuwait,Middle East,OPEC,Other products,Refined products,19.0,0.0,17.0,32.0,,0.0
2021-05,2021,KW,Kuwait,Middle East,OPEC,Crude oil,Crude & NGL,2355.0,0.0,1715.0,,600.0,0.0
2021-05,2021,KW,Kuwait,Middle East,OPEC,Diesel & gasoil,Refined products,176.0,0.0,124.0,74.0,,0.0
2021-05,2021,KW,Kuwait,Middle East,OPEC,Fuel oil,Refined products,121.0,36.0,19.0,128.0,,0.0
2021-05,2021,KW,Kuwait,Middle East,OPEC,Gasoline,Refined products,53.0,0.0,0.0,70.0,,0.0
2021-05,2021,KW,Kuwait,Middle East,OPEC,Kerosene & jet fuel,Refined products,138.0,0.0,126.0,14.0,,0.0
2021-05,2021,KW,Kuwait,Middle East,OPEC,LPG,Refined products,192.0,0.0,157.0,6.0,,0.0
2021-05,2021,KW,Kuwait,Middle East,OPEC,NGL,Crude & NGL,0.0,0.0,0.0,,0.0,0.0
2021-05,2021,KW,Kuwait,Middle East,OPEC,Naphtha,Refined products,140.0,0.0,125.0,72.0,,0.0
2021-05,2021,KW,Kuwait,Middle East,OPEC,Other crude inputs,Crude & NGL,0.0,0.0,0.0,,0.0,0.0
2021-05,2021,KW,Kuwait,Middle East,OPEC,Other products,Refined products,30.0,0.0,20.0,36.0,,0.0
2021-06,2021,KW,Kuwait,Middle East,OPEC,Crude oil,Crude & NGL,2384.0,0.0,1695.0,,600.0,0.0
2021-06,2021,KW,Kuwait,Middle East,OPEC,Diesel & gasoil,Refined products,187.0,0.0,120.0,89.0,,0.0
2021-06,2021,KW,Kuwait,Middle East,OPEC,Fuel oil,Refined products,98.0,35.0,23.0,124.0,,0.0
2021-06,2021,KW,Kuwait,Middle East,OPEC,Gasoline,Refined products,76.0,0.0,0.0,77.0,,0.0
2021-06,2021,KW,Kuwait,Middle East,OPEC,Kerosene & jet fuel,Refined products,135.0,0.0,117.0,13.0,,0.0
2021-06,2021,KW,Kuwait,Middle East,OPEC,LPG,Refined products,197.0,0.0,228.0,6.0,,0.0
2021-06,2021,KW,Kuwait,Middle East,OPEC,NGL,Crude & NGL,0.0,0.0,0.0,,0.0,0.0
2021-06,2021,KW,Kuwait,Middle East,OPEC,Naphtha,Refined products,117.0,0.0,114.0,73.0,,0.0
2021-06,2021,KW,Kuwait,Middle East,OPEC,Other crude inputs,Crude & NGL,0.0,0.0,0.0,,0.0,0.0
2021-06,2021,KW,Kuwait,Middle East,OPEC,Other products,Refined products,32.0,1.0,27.0,44.0,,0.0
2021-07,2021,KW,Kuwait,Middle East,OPEC,Crude oil,Crude & NGL,2423.0,0.0,1776.0,,600.0,0.0
2021-07,2021,KW,Kuwait,Middle East,OPEC,Diesel & gasoil,Refined products,182.0,0.0,124.0,80.0,,0.0
2021-07,2021,KW,Kuwait,Middle East,OPEC,Fuel oil,Refined products,84.0,19.0,20.0,107.0,,0.0
2021-07,2021,KW,Kuwait,Middle East,OPEC,Gasoline,Refined products,70.0,0.0,0.0,76.0,,0.0
2021-07,2021,KW,Kuwait,Middle East,OPEC,Kerosene & jet fuel,Refined products,140.0,0.0,120.0,10.0,,0.0
2021-07,2021,KW,Kuwait,Middle East,OPEC,LPG,Refined products,191.0,0.0,147.0,5.0,,0.0
2021-07,2021,KW,Kuwait,Middle East,OPEC,NGL,Crude & NGL,0.0,0.0,0.0,,0.0,0.0
2021-07,2021,KW,Kuwait,Middle East,OPEC,Naphtha,Refined products,120.0,0.0,125.0,74.0,,0.0
2021-07,2021,KW,Kuwait,Middle East,OPEC,Other crude inputs,Crude & NGL,0.0,0.0,0.0,,0.0,0.0
2021-07,2021,KW,Kuwait,Middle East,OPEC,Other products,Refined products,33.0,0.0,13.0,47.0,,0.0
2021-08,2021,KW,Kuwait,Middle East,OPEC,Crude oil,Crude & NGL,2445.0,0.0,1726.0,,646.0,0.0
2021-08,2021,KW,Kuwait,Middle East,OPEC,Diesel & gasoil,Refined products,189.0,0.0,169.0,45.0,,0.0
2021-08,2021,KW,Kuwait,Middle East,OPEC,Fuel oil,Refined products,55.0,36.0,0.0,103.0,,0.0
2021-08,2021,KW,Kuwait,Middle East,OPEC,Gasoline,Refined products,58.0,9.0,0.0,78.0,,0.0
2021-08,2021,KW,Kuwait,Middle East,OPEC,Kerosene & jet fuel,Refined products,160.0,0.0,156.0,10.0,,0.0
2021-08,2021,KW,Kuwait,Middle East,OPEC,LPG,Refined products,184.0,0.0,167.0,6.0,,0.0
2021-08,2021,KW,Kuwait,Middle East,OPEC,NGL,Crude & NGL,0.0,0.0,0.0,,0.0,0.0
2021-08,2021,KW,Kuwait,Middle East,OPEC,Naphtha,Refined products,155.0,0.0,133.0,71.0,,0.0
2021-08,2021,KW,Kuwait,Middle East,OPEC,Other crude inputs,Crude & NGL,0.0,0.0,0.0,,0.0,0.0
2021-08,2021,KW,Kuwait,Middle East,OPEC,Other products,Refined products,35.0,0.0,24.0,51.0,,0.0
2021-09,2021,KW,Kuwait,Middle East,OPEC,Crude oil,Crude & NGL,2474.0,0.0,1771.0,,704.0,0.0
2021-09,2021,KW,Kuwait,Middle East,OPEC,Diesel & gasoil,Refined products,183.0,0.0,177.0,41.0,,0.0
2021-09,2021,KW,Kuwait,Middle East,OPEC,Fuel oil,Refined products,88.0,57.0,0.0,108.0,,0.0
2021-09,2021,KW,Kuwait,Middle East,OPEC,Gasoline,Refined products,51.0,9.0,0.0,82.0,,0.0
2021-09,2021,KW,Kuwait,Middle East,OPEC,Kerosene & jet fuel,Refined products,181.0,0.0,145.0,18.0,,0.0
2021-09,2021,KW,Kuwait,Middle East,OPEC,LPG,Refined products,186.0,0.0,143.0,6.0,,0.0
2021-09,2021,KW,Kuwait,Middle East,OPEC,NGL,Crude & NGL,0.0,0.0,0.0,,0.0,0.0
2021-09,2021,KW,Kuwait,Middle East,OPEC,Naphtha,Refined products,142.0,0.0,157.0,60.0,,0.0
2021-09,2021,KW,Kuwait,Middle East,OPEC,Other crude inputs,Crude & NGL,0.0,0.0,0.0,,0.0,0.0
2021-09,2021,KW,Kuwait,Middle East,OPEC,Other products,Refined products,31.0,0.0,23.0,41.0,,0.0
2021-10,2021,KW,Kuwait,Middle East,OPEC,Crude oil,Crude & NGL,2503.0,0.0,1727.0,,697.0,0.0
2021-10,2021,KW,Kuwait,Middle East,OPEC,Diesel & gasoil,Refined products,179.0,0.0,184.0,38.0,,0.0
2021-10,2021,KW,Kuwait,Middle East,OPEC,Fuel oil,Refined products,66.0,35.0,26.0,112.0,,0.0
2021-10,2021,KW,Kuwait,Middle East,OPEC,Gasoline,Refined products,58.0,8.0,0.0,83.0,,0.0
2021-10,2021,KW,Kuwait,Middle East,OPEC,Kerosene & jet fuel,Refined products,197.0,0.0,167.0,16.0,,0.0
2021-10,2021,KW,Kuwait,Middle East,OPEC,LPG,Refined products,194.0,0.0,123.0,6.0,,0.0
2021-10,2021,KW,Kuwait,Middle East,OPEC,NGL,Crude & NGL,0.0,0.0,0.0,,0.0,0.0
2021-10,2021,KW,Kuwait,Middle East,OPEC,Naphtha,Refined products,137.0,0.0,110.0,70.0,,0.0
2021-10,2021,KW,Kuwait,Middle East,OPEC,Other crude inputs,Crude & NGL,0.0,0.0,0.0,,0.0,0.0
2021-10,2021,KW,Kuwait,Middle East,OPEC,Other products,Refined products,28.0,0.0,23.0,11.0,,0.0
2021-11,2021,KW,Kuwait,Middle East,OPEC,Crude oil,Crude & NGL,2532.0,0.0,1785.0,,750.0,0.0
2021-11,2021,KW,Kuwait,Middle East,OPEC,Diesel & gasoil,Refined products,232.0,0.0,207.0,39.0,,0.0
2021-11,2021,KW,Kuwait,Middle East,OPEC,Fuel oil,Refined products,109.0,38.0,22.0,108.0,,0.0
2021-11,2021,KW,Kuwait,Middle East,OPEC,Gasoline,Refined products,54.0,10.0,0.0,84.0,,0.0
2021-11,2021,KW,Kuwait,Middle East,OPEC,Kerosene & jet fuel,Refined products,207.0,0.0,193.0,10.0,,0.0
2021-11,2021,KW,Kuwait,Middle East,OPEC,LPG,Refined products,193.0,0.0,161.0,7.0,,0.0
2021-11,2021,KW,Kuwait,Middle East,OPEC,NGL,Crude & NGL,0.0,0.0,0.0,,0.0,0.0
2021-11,2021,KW,Kuwait,Middle East,OPEC,Naphtha,Refined products,161.0,0.0,141.0,68.0,,0.0
2021-11,2021,KW,Kuwait,Middle East,OPEC,Other crude inputs,Crude & NGL,0.0,0.0,0.0,,0.0,0.0
2021-11,2021,KW,Kuwait,Middle East,OPEC,Other products,Refined products,35.0,1.0,18.0,11.0,,0.0
2021-12,2021,KW,Kuwait,Middle East,OPEC,Crude oil,Crude & NGL,2549.0,0.0,1813.0,,760.0,0.0
2021-12,2021,KW,Kuwait,Middle East,OPEC,Diesel & gasoil,Refined products,228.0,0.0,206.0,40.0,,0.0
2021-12,2021,KW,Kuwait,Middle East,OPEC,Fuel oil,Refined products,115.0,0.0,24.0,85.0,,0.0
2021-12,2021,KW,Kuwait,Middle East,OPEC,Gasoline,Refined products,72.0,9.0,0.0,82.0,,0.0
2021-12,2021,KW,Kuwait,Middle East,OPEC,Kerosene & jet fuel,Refined products,149.0,0.0,163.0,18.0,,0.0
2021-12,2021,KW,Kuwait,Middle East,OPEC,LPG,Refined products,196.0,0.0,121.0,7.0,,0.0
2021-12,2021,KW,Kuwait,Middle East,OPEC,NGL,Crude & NGL,0.0,0.0,0.0,,0.0,0.0
2021-12,2021,KW,Kuwait,Middle East,OPEC,Naphtha,Refined products,145.0,0.0,130.0,73.0,,0.0
2021-12,2021,KW,Kuwait,Middle East,OPEC,Other crude inputs,Crude & NGL,0.0,0.0,0.0,,0.0,0.0
2021-12,2021,KW,Kuwait,Middle East,OPEC,Other products,Refined products,33.0,0.0,24.0,6.0,,0.0
2022-01,2022,KW,Kuwait,Middle East,OPEC,Crude oil,Crude & NGL,2584.0,0.0,1825.0,,739.0,0.0
2022-01,2022,KW,Kuwait,Middle East,OPEC,Diesel & gasoil,Refined products,240.0,0.0,189.0,31.0,,0.0
2022-01,2022,KW,Kuwait,Middle East,OPEC,Fuel oil,Refined products,89.0,18.0,22.0,61.0,,0.0
2022-01,2022,KW,Kuwait,Middle East,OPEC,Gasoline,Refined products,69.0,0.0,0.0,75.0,,0.0
2022-01,2022,KW,Kuwait,Middle East,OPEC,Kerosene & jet fuel,Refined products,162.0,0.0,146.0,20.0,,0.0
2022-01,2022,KW,Kuwait,Middle East,OPEC,LPG,Refined products,39.0,0.0,154.0,7.0,,0.0
2022-01,2022,KW,Kuwait,Middle East,OPEC,NGL,Crude & NGL,0.0,0.0,0.0,,0.0,0.0
2022-01,2022,KW,Kuwait,Middle East,OPEC,Naphtha,Refined products,146.0,0.0,128.0,61.0,,0.0
2022-01,2022,KW,Kuwait,Middle East,OPEC,Other crude inputs,Crude & NGL,0.0,0.0,0.0,,0.0,0.0
2022-01,2022,KW,Kuwait,Middle East,OPEC,Other products,Refined products,33.0,1.0,23.0,18.0,,0.0
2022-02,2022,KW,Kuwait,Middle East,OPEC,Crude oil,Crude & NGL,2612.0,0.0,1997.0,,580.0,0.0
2022-02,2022,KW,Kuwait,Middle East,OPEC,Diesel & gasoil,Refined products,197.0,0.0,140.0,54.0,,0.0
2022-02,2022,KW,Kuwait,Middle East,OPEC,Fuel oil,Refined products,33.0,0.0,37.0,48.0,,0.0
2022-02,2022,KW,Kuwait,Middle East,OPEC,Gasoline,Refined products,60.0,0.0,0.0,77.0,,0.0
2022-02,2022,KW,Kuwait,Middle East,OPEC,Kerosene & jet fuel,Refined products,124.0,0.0,99.0,18.0,,0.0
2022-02,2022,KW,Kuwait,Middle East,OPEC,LPG,Refined products,21.0,0.0,138.0,7.0,,0.0
2022-02,2022,KW,Kuwait,Middle East,OPEC,NGL,Crude & NGL,0.0,0.0,0.0,,0.0,0.0
2022-02,2022,KW,Kuwait,Middle East,OPEC,Naphtha,Refined products,135.0,0.0,139.0,64.0,,0.0
2022-02,2022,KW,Kuwait,Middle East,OPEC,Other crude inputs,Crude & NGL,0.0,0.0,0.0,,0.0,0.0
2022-02,2022,KW,Kuwait,Middle East,OPEC,Other products,Refined products,30.0,0.0,20.0,23.0,,0.0
2022-03,2022,KW,Kuwait,Middle East,OPEC,Crude oil,Crude & NGL,2639.0,0.0,1890.0,,721.0,0.0
2022-03,2022,KW,Kuwait,Middle East,OPEC,Diesel & gasoil,Refined products,161.0,0.0,117.0,43.0,,0.0
2022-03,2022,KW,Kuwait,Middle East,OPEC,Fuel oil,Refined products,155.0,0.0,54.0,68.0,,0.0
2022-03,2022,KW,Kuwait,Middle East,OPEC,Gasoline,Refined products,52.0,0.0,0.0,82.0,,0.0
2022-03,2022,KW,Kuwait,Middle East,OPEC,Kerosene & jet fuel,Refined products,166.0,0.0,122.0,20.0,,0.0
2022-03,2022,KW,Kuwait,Middle East,OPEC,LPG,Refined products,18.0,0.0,175.0,6.0,,0.0
2022-03,2022,KW,Kuwait,Middle East,OPEC,NGL,Crude & NGL,0.0,0.0,0.0,,0.0,0.0
2022-03,2022,KW,Kuwait,Middle East,OPEC,Naphtha,Refined products,153.0,0.0,134.0,63.0,,0.0
2022-03,2022,KW,Kuwait,Middle East,OPEC,Other crude inputs,Crude & NGL,0.0,0.0,0.0,,0.0,0.0
2022-03,2022,KW,Kuwait,Middle East,OPEC,Other products,Refined products,21.0,1.0,21.0,19.0,,0.0
2022-04,2022,KW,Kuwait,Middle East,OPEC,Crude oil,Crude & NGL,2664.0,0.0,1840.0,,789.0,0.0
2022-04,2022,KW,Kuwait,Middle East,OPEC,Diesel & gasoil,Refined products,238.0,0.0,182.0,60.0,,0.0
2022-04,2022,KW,Kuwait,Middle East,OPEC,Fuel oil,Refined products,101.0,0.0,1.0,96.0,,0.0
2022-04,2022,KW,Kuwait,Middle East,OPEC,Gasoline,Refined products,64.0,0.0,0.0,78.0,,0.0
2022-04,2022,KW,Kuwait,Middle East,OPEC,Kerosene & jet fuel,Refined products,185.0,0.0,174.0,13.0,,0.0
2022-04,2022,KW,Kuwait,Middle East,OPEC,LPG,Refined products,22.0,0.0,167.0,7.0,,0.0
2022-04,2022,KW,Kuwait,Middle East,OPEC,NGL,Crude & NGL,0.0,0.0,0.0,,0.0,0.0
2022-04,2022,KW,Kuwait,Middle East,OPEC,Naphtha,Refined products,182.0,0.0,169.0,73.0,,0.0
2022-04,2022,KW,Kuwait,Middle East,OPEC,Other crude inputs,Crude & NGL,0.0,0.0,0.0,,0.0,0.0
2022-04,2022,KW,Kuwait,Middle East,OPEC,Other products,Refined products,31.0,1.0,26.0,27.0,,0.0
2022-05,2022,KW,Kuwait,Middle East,OPEC,Crude oil,Crude & NGL,2694.0,0.0,1880.0,,780.0,0.0
2022-05,2022,KW,Kuwait,Middle East,OPEC,Diesel & gasoil,Refined products,224.0,0.0,171.0,48.0,,0.0
2022-05,2022,KW,Kuwait,Middle East,OPEC,Fuel oil,Refined products,50.0,0.0,1.0,124.0,,0.0
2022-05,2022,KW,Kuwait,Middle East,OPEC,Gasoline,Refined products,62.0,0.0,0.0,81.0,,0.0
2022-05,2022,KW,Kuwait,Middle East,OPEC,Kerosene & jet fuel,Refined products,219.0,0.0,172.0,18.0,,0.0
2022-05,2022,KW,Kuwait,Middle East,OPEC,LPG,Refined products,24.0,0.0,142.0,6.0,,0.0
2022-05,2022,KW,Kuwait,Middle East,OPEC,NGL,Crude & NGL,0.0,0.0,0.0,,0.0,0.0
2022-05,2022,KW,Kuwait,Middle East,OPEC,Naphtha,Refined products,171.0,0.0,157.0,73.0,,0.0
2022-05,2022,KW,Kuwait,Middle East,OPEC,Other crude inputs,Crude & NGL,0.0,0.0,0.0,,0.0,0.0
2022-05,2022,KW,Kuwait,Middle East,OPEC,Other products,Refined products,35.0,1.0,27.0,31.0,,0.0
2022-06,2022,KW,Kuwait,Middle East,OPEC,Crude oil,Crude & NGL,2724.0,0.0,1860.0,,811.0,0.0
2022-06,2022,KW,Kuwait,Middle East,OPEC,Diesel & gasoil,Refined products,234.0,0.0,252.0,45.0,,0.0
2022-06,2022,KW,Kuwait,Middle East,OPEC,Fuel oil,Refined products,87.0,48.0,1.0,137.0,,0.0
2022-06,2022,KW,Kuwait,Middle East,OPEC,Gasoline,Refined products,43.0,0.0,0.0,87.0,,0.0
2022-06,2022,KW,Kuwait,Middle East,OPEC,Kerosene & jet fuel,Refined products,223.0,0.0,218.0,21.0,,0.0
2022-06,2022,KW,Kuwait,Middle East,OPEC,LPG,Refined products,23.0,0.0,142.0,6.0,,0.0
2022-06,2022,KW,Kuwait,Middle East,OPEC,NGL,Crude & NGL,0.0,0.0,0.0,,0.0,0.0
2022-06,2022,KW,Kuwait,Middle East,OPEC,Naphtha,Refined products,187.0,0.0,173.0,72.0,,0.0
2022-06,2022,KW,Kuwait,Middle East,OPEC,Other crude inputs,Crude & NGL,0.0,0.0,0.0,,0.0,0.0
2022-06,2022,KW,Kuwait,Middle East,OPEC,Other products,Refined products,34.0,0.0,18.0,45.0,,0.0
2022-07,2022,KW,Kuwait,Middle East,OPEC,Crude oil,Crude & NGL,2768.0,0.0,1920.0,,804.0,0.0
2022-07,2022,KW,Kuwait,Middle East,OPEC,Diesel & gasoil,Refined products,250.0,0.0,212.0,61.0,,0.0
2022-07,2022,KW,Kuwait,Middle East,OPEC,Fuel oil,Refined products,70.0,55.0,0.0,147.0,,0.0
2022-07,2022,KW,Kuwait,Middle East,OPEC,Gasoline,Refined products,76.0,0.0,0.0,78.0,,0.0
2022-07,2022,KW,Kuwait,Middle East,OPEC,Kerosene & jet fuel,Refined products,227.0,0.0,195.0,18.0,,0.0
2022-07,2022,KW,Kuwait,Middle East,OPEC,LPG,Refined products,28.0,0.0,180.0,5.0,,0.0
2022-07,2022,KW,Kuwait,Middle East,OPEC,NGL,Crude & NGL,0.0,0.0,0.0,,0.0,0.0
2022-07,2022,KW,Kuwait,Middle East,OPEC,Naphtha,Refined products,170.0,0.0,160.0,67.0,,0.0
2022-07,2022,KW,Kuwait,Middle East,OPEC,Other crude inputs,Crude & NGL,0.0,0.0,0.0,,0.0,0.0
2022-07,2022,KW,Kuwait,Middle East,OPEC,Other products,Refined products,34.0,1.0,25.0,42.0,,0.0
2022-08,2022,KW,Kuwait,Middle East,OPEC,Crude oil,Crude & NGL,2811.0,0.0,1954.0,,817.0,0.0
2022-08,2022,KW,Kuwait,Middle East,OPEC,Diesel & gasoil,Refined products,276.0,0.0,205.0,69.0,,0.0
2022-08,2022,KW,Kuwait,Middle East,OPEC,Fuel oil,Refined products,74.0,35.0,1.0,142.0,,0.0
2022-08,2022,KW,Kuwait,Middle East,OPEC,Gasoline,Refined products,76.0,0.0,29.0,79.0,,0.0
2022-08,2022,KW,Kuwait,Middle East,OPEC,Kerosene & jet fuel,Refined products,219.0,0.0,205.0,21.0,,0.0
2022-08,2022,KW,Kuwait,Middle East,OPEC,LPG,Refined products,27.0,0.0,182.0,6.0,,0.0
2022-08,2022,KW,Kuwait,Middle East,OPEC,NGL,Crude & NGL,0.0,0.0,0.0,,0.0,0.0
2022-08,2022,KW,Kuwait,Middle East,OPEC,Naphtha,Refined products,161.0,0.0,172.0,71.0,,0.0
2022-08,2022,KW,Kuwait,Middle East,OPEC,Other crude inputs,Crude & NGL,0.0,0.0,0.0,,0.0,0.0
2022-08,2022,KW,Kuwait,Middle East,OPEC,Other products,Refined products,37.0,0.0,24.0,36.0,,0.0
2022-09,2022,KW,Kuwait,Middle East,OPEC,Crude oil,Crude & NGL,2818.0,0.0,2000.0,,780.0,0.0
2022-09,2022,KW,Kuwait,Middle East,OPEC,Diesel & gasoil,Refined products,227.0,0.0,166.0,76.0,,0.0
2022-09,2022,KW,Kuwait,Middle East,OPEC,Fuel oil,Refined products,72.0,54.0,0.0,144.0,,0.0
2022-09,2022,KW,Kuwait,Middle East,OPEC,Gasoline,Refined products,68.0,0.0,0.0,86.0,,0.0
2022-09,2022,KW,Kuwait,Middle East,OPEC,Kerosene & jet fuel,Refined products,209.0,0.0,209.0,22.0,,0.0
2022-09,2022,KW,Kuwait,Middle East,OPEC,LPG,Refined products,25.0,0.0,189.0,6.0,,0.0
2022-09,2022,KW,Kuwait,Middle East,OPEC,NGL,Crude & NGL,0.0,0.0,0.0,,0.0,0.0
2022-09,2022,KW,Kuwait,Middle East,OPEC,Naphtha,Refined products,148.0,0.0,138.0,67.0,,0.0
2022-09,2022,KW,Kuwait,Middle East,OPEC,Other crude inputs,Crude & NGL,0.0,0.0,0.0,,0.0,0.0
2022-09,2022,KW,Kuwait,Middle East,OPEC,Other products,Refined products,35.0,1.0,26.0,25.0,,0.0
2022-10,2022,KW,Kuwait,Middle East,OPEC,Crude oil,Crude & NGL,2811.0,0.0,1980.0,,800.0,0.0
2022-10,2022,KW,Kuwait,Middle East,OPEC,Diesel & gasoil,Refined products,205.0,0.0,126.0,89.0,,0.0
2022-10,2022,KW,Kuwait,Middle East,OPEC,Fuel oil,Refined products,55.0,35.0,0.0,86.0,,0.0
2022-10,2022,KW,Kuwait,Middle East,OPEC,Gasoline,Refined products,62.0,0.0,0.0,90.0,,0.0
2022-10,2022,KW,Kuwait,Middle East,OPEC,Kerosene & jet fuel,Refined products,179.0,0.0,151.0,24.0,,0.0
2022-10,2022,KW,Kuwait,Middle East,OPEC,LPG,Refined products,22.0,0.0,164.0,7.0,,0.0
2022-10,2022,KW,Kuwait,Middle East,OPEC,NGL,Crude & NGL,0.0,0.0,0.0,,0.0,0.0
2022-10,2022,KW,Kuwait,Middle East,OPEC,Naphtha,Refined products,121.0,0.0,111.0,69.0,,0.0
2022-10,2022,KW,Kuwait,Middle East,OPEC,Other crude inputs,Crude & NGL,0.0,0.0,0.0,,0.0,0.0
2022-10,2022,KW,Kuwait,Middle East,OPEC,Other products,Refined products,33.0,1.0,30.0,26.0,,0.0
2022-11,2022,KW,Kuwait,Middle East,OPEC,Crude oil,Crude & NGL,2676.0,0.0,1721.0,,946.0,0.0
2022-11,2022,KW,Kuwait,Middle East,OPEC,Diesel & gasoil,Refined products,305.0,0.0,152.0,77.0,,0.0
2022-11,2022,KW,Kuwait,Middle East,OPEC,Fuel oil,Refined products,145.0,0.0,2.0,61.0,,0.0
2022-11,2022,KW,Kuwait,Middle East,OPEC,Gasoline,Refined products,77.0,0.0,0.0,92.0,,0.0
2022-11,2022,KW,Kuwait,Middle East,OPEC,Kerosene & jet fuel,Refined products,222.0,0.0,176.0,15.0,,0.0
2022-11,2022,KW,Kuwait,Middle East,OPEC,LPG,Refined products,28.0,0.0,165.0,7.0,,0.0
2022-11,2022,KW,Kuwait,Middle East,OPEC,NGL,Crude & NGL,0.0,0.0,0.0,,0.0,0.0
2022-11,2022,KW,Kuwait,Middle East,OPEC,Naphtha,Refined products,172.0,0.0,165.0,70.0,,0.0
2022-11,2022,KW,Kuwait,Middle East,OPEC,Other crude inputs,Crude & NGL,0.0,0.0,0.0,,0.0,0.0
2022-11,2022,KW,Kuwait,Middle East,OPEC,Other products,Refined products,30.0,0.0,22.0,20.0,,0.0
2022-12,2022,KW,Kuwait,Middle East,OPEC,Crude oil,Crude & NGL,2676.0,0.0,1679.0,,1000.0,0.0
2022-12,2022,KW,Kuwait,Middle East,OPEC,Diesel & gasoil,Refined products,275.0,0.0,222.0,69.0,,0.0
2022-12,2022,KW,Kuwait,Middle East,OPEC,Fuel oil,Refined products,177.0,17.0,85.0,75.0,,0.0
2022-12,2022,KW,Kuwait,Middle East,OPEC,Gasoline,Refined products,56.0,10.0,0.0,87.0,,0.0
2022-12,2022,KW,Kuwait,Middle East,OPEC,Kerosene & jet fuel,Refined products,248.0,0.0,208.0,21.0,,0.0
2022-12,2022,KW,Kuwait,Middle East,OPEC,LPG,Refined products,34.0,0.0,174.0,8.0,,0.0
2022-12,2022,KW,Kuwait,Middle East,OPEC,NGL,Crude & NGL,0.0,0.0,0.0,,0.0,0.0
2022-12,2022,KW,Kuwait,Middle East,OPEC,Naphtha,Refined products,213.0,0.0,176.0,67.0,,0.0
2022-12,2022,KW,Kuwait,Middle East,OPEC,Other crude inputs,Crude & NGL,0.0,0.0,0.0,,0.0,0.0
2022-12,2022,KW,Kuwait,Middle East,OPEC,Other products,Refined products,37.0,0.0,34.0,16.0,,0.0
2023-01,2023,KW,Kuwait,Middle East,OPEC,Crude oil,Crude & NGL,2676.0,0.0,1705.0,,972.0,0.0
2023-01,2023,KW,Kuwait,Middle East,OPEC,Diesel & gasoil,Refined products,284.0,0.0,230.0,58.0,,0.0
2023-01,2023,KW,Kuwait,Middle East,OPEC,Fuel oil,Refined products,136.0,0.0,103.0,64.0,,0.0
2023-01,2023,KW,Kuwait,Middle East,OPEC,Gasoline,Refined products,68.0,0.0,0.0,82.0,,0.0
2023-01,2023,KW,Kuwait,Middle East,OPEC,Kerosene & jet fuel,Refined products,232.0,0.0,225.0,22.0,,0.0
2023-01,2023,KW,Kuwait,Middle East,OPEC,LPG,Refined products,34.0,0.0,174.0,8.0,,0.0
2023-01,2023,KW,Kuwait,Middle East,OPEC,NGL,Crude & NGL,0.0,0.0,0.0,,0.0,0.0
2023-01,2023,KW,Kuwait,Middle East,OPEC,Naphtha,Refined products,179.0,0.0,177.0,68.0,,0.0
2023-01,2023,KW,Kuwait,Middle East,OPEC,Other crude inputs,Crude & NGL,0.0,0.0,0.0,,0.0,0.0
2023-01,2023,KW,Kuwait,Middle East,OPEC,Other products,Refined products,39.0,1.0,26.0,17.0,,0.0
2023-02,2023,KW,Kuwait,Middle East,OPEC,Crude oil,Crude & NGL,2676.0,0.0,1670.0,,1003.0,0.0
2023-02,2023,KW,Kuwait,Middle East,OPEC,Diesel & gasoil,Refined products,293.0,0.0,218.0,53.0,,0.0
2023-02,2023,KW,Kuwait,Middle East,OPEC,Fuel oil,Refined products,156.0,0.0,133.0,49.0,,0.0
2023-02,2023,KW,Kuwait,Middle East,OPEC,Gasoline,Refined products,70.0,0.0,12.0,86.0,,0.0
2023-02,2023,KW,Kuwait,Middle East,OPEC,Kerosene & jet fuel,Refined products,241.0,0.0,214.0,19.0,,0.0
2023-02,2023,KW,Kuwait,Middle East,OPEC,LPG,Refined products,41.0,0.0,171.0,8.0,,0.0
2023-02,2023,KW,Kuwait,Middle East,OPEC,NGL,Crude & NGL,0.0,0.0,0.0,,0.0,0.0
2023-02,2023,KW,Kuwait,Middle East,OPEC,Naphtha,Refined products,194.0,0.0,180.0,71.0,,0.0
2023-02,2023,KW,Kuwait,Middle East,OPEC,Other crude inputs,Crude & NGL,0.0,0.0,0.0,,0.0,0.0
2023-02,2023,KW,Kuwait,Middle East,OPEC,Other products,Refined products,36.0,20.0,29.0,17.0,,0.0
2023-03,2023,KW,Kuwait,Middle East,OPEC,Crude oil,Crude & NGL,2676.0,0.0,1631.0,,1023.0,0.0
2023-03,2023,KW,Kuwait,Middle East,OPEC,Diesel & gasoil,Refined products,283.0,0.0,232.0,54.0,,0.0
2023-03,2023,KW,Kuwait,Middle East,OPEC,Fuel oil,Refined products,196.0,0.0,137.0,99.0,,0.0
2023-03,2023,KW,Kuwait,Middle East,OPEC,Gasoline,Refined products,75.0,0.0,8.0,89.0,,0.0
2023-03,2023,KW,Kuwait,Middle East,OPEC,Kerosene & jet fuel,Refined products,248.0,0.0,191.0,20.0,,0.0
2023-03,2023,KW,Kuwait,Middle East,OPEC,LPG,Refined products,37.0,0.0,180.0,7.0,,0.0
2023-03,2023,KW,Kuwait,Middle East,OPEC,NGL,Crude & NGL,0.0,0.0,0.0,,0.0,0.0
2023-03,2023,KW,Kuwait,Middle East,OPEC,Naphtha,Refined products,174.0,0.0,233.0,9.0,,0.0
2023-03,2023,KW,Kuwait,Middle East,OPEC,Other crude inputs,Crude & NGL,0.0,0.0,0.0,,0.0,0.0
2023-03,2023,KW,Kuwait,Middle East,OPEC,Other products,Refined products,38.0,37.0,37.0,19.0,,0.0
2023-04,2023,KW,Kuwait,Middle East,OPEC,Crude oil,Crude & NGL,2676.0,0.0,1786.0,,861.0,0.0
2023-04,2023,KW,Kuwait,Middle East,OPEC,Diesel & gasoil,Refined products,269.0,0.0,247.0,51.0,,0.0
2023-04,2023,KW,Kuwait,Middle East,OPEC,Fuel oil,Refined products,109.0,19.0,56.0,87.0,,0.0
2023-04,2023,KW,Kuwait,Middle East,OPEC,Gasoline,Refined products,81.0,0.0,8.0,81.0,,0.0
2023-04,2023,KW,Kuwait,Middle East,OPEC,Kerosene & jet fuel,Refined products,242.0,0.0,261.0,20.0,,0.0
2023-04,2023,KW,Kuwait,Middle East,OPEC,LPG,Refined products,34.0,0.0,174.0,7.0,,0.0
2023-04,2023,KW,Kuwait,Middle East,OPEC,NGL,Crude & NGL,0.0,0.0,0.0,,0.0,0.0
2023-04,2023,KW,Kuwait,Middle East,OPEC,Naphtha,Refined products,144.0,0.0,149.0,60.0,,0.0
2023-04,2023,KW,Kuwait,Middle East,OPEC,Other crude inputs,Crude & NGL,0.0,0.0,0.0,,0.0,0.0
2023-04,2023,KW,Kuwait,Middle East,OPEC,Other products,Refined products,37.0,19.0,26.0,23.0,,0.0
2023-05,2023,KW,Kuwait,Middle East,OPEC,Crude oil,Crude & NGL,2548.0,0.0,1505.0,,1097.0,0.0
2023-05,2023,KW,Kuwait,Middle East,OPEC,Diesel & gasoil,Refined products,334.0,0.0,202.0,59.0,,0.0
2023-05,2023,KW,Kuwait,Middle East,OPEC,Fuel oil,Refined products,196.0,27.0,114.0,96.0,,0.0
2023-05,2023,KW,Kuwait,Middle East,OPEC,Gasoline,Refined products,78.0,0.0,28.0,88.0,,0.0
2023-05,2023,KW,Kuwait,Middle East,OPEC,Kerosene & jet fuel,Refined products,281.0,0.0,182.0,19.0,,0.0
2023-05,2023,KW,Kuwait,Middle East,OPEC,LPG,Refined products,34.0,0.0,162.0,7.0,,0.0
2023-05,2023,KW,Kuwait,Middle East,OPEC,NGL,Crude & NGL,0.0,0.0,0.0,,0.0,0.0
2023-05,2023,KW,Kuwait,Middle East,OPEC,Naphtha,Refined products,183.0,0.0,181.0,66.0,,0.0
2023-05,2023,KW,Kuwait,Middle East,OPEC,Other crude inputs,Crude & NGL,0.0,0.0,0.0,,0.0,0.0
2023-05,2023,KW,Kuwait,Middle East,OPEC,Other products,Refined products,39.0,0.0,25.0,26.0,,0.0
2023-06,2023,KW,Kuwait,Middle East,OPEC,Crude oil,Crude & NGL,2548.0,0.0,1520.0,,1120.0,0.0
2023-06,2023,KW,Kuwait,Middle East,OPEC,Diesel & gasoil,Refined products,306.0,0.0,310.0,47.0,,0.0
2023-06,2023,KW,Kuwait,Middle East,OPEC,Fuel oil,Refined products,235.0,28.0,113.0,151.0,,0.0
2023-06,2023,KW,Kuwait,Middle East,OPEC,Gasoline,Refined products,81.0,0.0,11.0,85.0,,0.0
2023-06,2023,KW,Kuwait,Middle East,OPEC,Kerosene & jet fuel,Refined products,280.0,0.0,289.0,28.0,,0.0
2023-06,2023,KW,Kuwait,Middle East,OPEC,LPG,Refined products,32.0,0.0,193.0,6.0,,0.0
2023-06,2023,KW,Kuwait,Middle East,OPEC,NGL,Crude & NGL,0.0,0.0,0.0,,0.0,0.0
2023-06,2023,KW,Kuwait,Middle East,OPEC,Naphtha,Refined products,169.0,0.0,163.0,70.0,,0.0
2023-06,2023,KW,Kuwait,Middle East,OPEC,Other crude inputs,Crude & NGL,0.0,0.0,0.0,,0.0,0.0
2023-06,2023,KW,Kuwait,Middle East,OPEC,Other products,Refined products,44.0,1.0,29.0,27.0,,0.0
2023-07,2023,KW,Kuwait,Middle East,OPEC,Crude oil,Crude & NGL,2548.0,0.0,1469.0,,1129.0,0.0
2023-07,2023,KW,Kuwait,Middle East,OPEC,Diesel & gasoil,Refined products,320.0,0.0,279.0,57.0,,0.0
2023-07,2023,KW,Kuwait,Middle East,OPEC,Fuel oil,Refined products,231.0,14.0,103.0,144.0,,0.0
2023-07,2023,KW,Kuwait,Middle East,OPEC,Gasoline,Refined products,80.0,0.0,31.0,81.0,,0.0
2023-07,2023,KW,Kuwait,Middle East,OPEC,Kerosene & jet fuel,Refined products,278.0,0.0,259.0,24.0,,0.0
2023-07,2023,KW,Kuwait,Middle East,OPEC,LPG,Refined products,30.0,0.0,198.0,6.0,,0.0
2023-07,2023,KW,Kuwait,Middle East,OPEC,NGL,Crude & NGL,0.0,0.0,0.0,,0.0,0.0
2023-07,2023,KW,Kuwait,Middle East,OPEC,Naphtha,Refined products,181.0,0.0,169.0,70.0,,0.0
2023-07,2023,KW,Kuwait,Middle East,OPEC,Other crude inputs,Crude & NGL,0.0,0.0,0.0,,0.0,0.0
2023-07,2023,KW,Kuwait,Middle East,OPEC,Other products,Refined products,40.0,14.0,24.0,27.0,,0.0
2023-08,2023,KW,Kuwait,Middle East,OPEC,Crude oil,Crude & NGL,2548.0,0.0,1452.0,,1123.0,0.0
2023-08,2023,KW,Kuwait,Middle East,OPEC,Diesel & gasoil,Refined products,303.0,0.0,271.0,61.0,,0.0
2023-08,2023,KW,Kuwait,Middle East,OPEC,Fuel oil,Refined products,228.0,0.0,80.0,151.0,,0.0
2023-08,2023,KW,Kuwait,Middle East,OPEC,Gasoline,Refined products,78.0,0.0,20.0,80.0,,0.0
2023-08,2023,KW,Kuwait,Middle East,OPEC,Kerosene & jet fuel,Refined products,289.0,0.0,244.0,24.0,,0.0
2023-08,2023,KW,Kuwait,Middle East,OPEC,LPG,Refined products,30.0,0.0,149.0,6.0,,0.0
2023-08,2023,KW,Kuwait,Middle East,OPEC,NGL,Crude & NGL,0.0,0.0,0.0,,0.0,0.0
2023-08,2023,KW,Kuwait,Middle East,OPEC,Naphtha,Refined products,178.0,0.0,191.0,75.0,,0.0
2023-08,2023,KW,Kuwait,Middle East,OPEC,Other crude inputs,Crude & NGL,0.0,0.0,0.0,,0.0,0.0
2023-08,2023,KW,Kuwait,Middle East,OPEC,Other products,Refined products,39.0,13.0,34.0,27.0,,0.0
2023-09,2023,KW,Kuwait,Middle East,OPEC,Crude oil,Crude & NGL,2548.0,0.0,1355.0,,1162.0,0.0
2023-09,2023,KW,Kuwait,Middle East,OPEC,Diesel & gasoil,Refined products,314.0,0.0,220.0,56.0,,0.0
2023-09,2023,KW,Kuwait,Middle East,OPEC,Fuel oil,Refined products,227.0,14.0,161.0,106.0,,0.0
2023-09,2023,KW,Kuwait,Middle East,OPEC,Gasoline,Refined products,75.0,0.0,11.0,89.0,,0.0
2023-09,2023,KW,Kuwait,Middle East,OPEC,Kerosene & jet fuel,Refined products,296.0,0.0,281.0,25.0,,0.0
2023-09,2023,KW,Kuwait,Middle East,OPEC,LPG,Refined products,30.0,0.0,188.0,6.0,,0.0
2023-09,2023,KW,Kuwait,Middle East,OPEC,NGL,Crude & NGL,0.0,0.0,0.0,,0.0,0.0
2023-09,2023,KW,Kuwait,Middle East,OPEC,Naphtha,Refined products,196.0,0.0,196.0,75.0,,0.0
2023-09,2023,KW,Kuwait,Middle East,OPEC,Other crude inputs,Crude & NGL,0.0,0.0,0.0,,0.0,0.0
2023-09,2023,KW,Kuwait,Middle East,OPEC,Other products,Refined products,44.0,1.0,34.0,26.0,,0.0
2023-10,2023,KW,Kuwait,Middle East,OPEC,Crude oil,Crude & NGL,2548.0,0.0,1474.0,,1056.0,0.0
2023-10,2023,KW,Kuwait,Middle East,OPEC,Diesel & gasoil,Refined products,262.0,0.0,244.0,52.0,,0.0
2023-10,2023,KW,Kuwait,Middle East,OPEC,Fuel oil,Refined products,261.0,0.0,80.0,107.0,,0.0
2023-10,2023,KW,Kuwait,Middle East,OPEC,Gasoline,Refined products,83.0,0.0,11.0,93.0,,0.0
2023-10,2023,KW,Kuwait,Middle East,OPEC,Kerosene & jet fuel,Refined products,239.0,0.0,234.0,15.0,,0.0
2023-10,2023,KW,Kuwait,Middle East,OPEC,LPG,Refined products,30.0,0.0,193.0,7.0,,0.0
2023-10,2023,KW,Kuwait,Middle East,OPEC,NGL,Crude & NGL,0.0,0.0,0.0,,0.0,0.0
2023-10,2023,KW,Kuwait,Middle East,OPEC,Naphtha,Refined products,161.0,0.0,193.0,71.0,,0.0
2023-10,2023,KW,Kuwait,Middle East,OPEC,Other crude inputs,Crude & NGL,0.0,0.0,0.0,,0.0,0.0
2023-10,2023,KW,Kuwait,Middle East,OPEC,Other products,Refined products,33.0,1.0,29.0,11.0,,0.0
2023-11,2023,KW,Kuwait,Middle East,OPEC,Crude oil,Crude & NGL,2548.0,0.0,1639.0,,977.0,0.0
2023-11,2023,KW,Kuwait,Middle East,OPEC,Diesel & gasoil,Refined products,271.0,0.0,217.0,48.0,,0.0
2023-11,2023,KW,Kuwait,Middle East,OPEC,Fuel oil,Refined products,155.0,0.0,98.0,88.0,,0.0
2023-11,2023,KW,Kuwait,Middle East,OPEC,Gasoline,Refined products,81.0,0.0,0.0,93.0,,0.0
2023-11,2023,KW,Kuwait,Middle East,OPEC,Kerosene & jet fuel,Refined products,257.0,0.0,183.0,22.0,,0.0
2023-11,2023,KW,Kuwait,Middle East,OPEC,LPG,Refined products,35.0,0.0,163.0,7.0,,0.0
2023-11,2023,KW,Kuwait,Middle East,OPEC,NGL,Crude & NGL,0.0,0.0,0.0,,0.0,0.0
2023-11,2023,KW,Kuwait,Middle East,OPEC,Naphtha,Refined products,160.0,0.0,140.0,74.0,,0.0
2023-11,2023,KW,Kuwait,Middle East,OPEC,Other crude inputs,Crude & NGL,0.0,0.0,0.0,,0.0,0.0
2023-11,2023,KW,Kuwait,Middle East,OPEC,Other products,Refined products,39.0,0.0,27.0,14.0,,0.0
2023-12,2023,KW,Kuwait,Middle East,OPEC,Crude oil,Crude & NGL,2548.0,0.0,1605.0,,900.0,0.0
2023-12,2023,KW,Kuwait,Middle East,OPEC,Diesel & gasoil,Refined products,271.0,0.0,148.0,49.0,,0.0
2023-12,2023,KW,Kuwait,Middle East,OPEC,Fuel oil,Refined products,163.0,0.0,62.0,64.0,,0.0
2023-12,2023,KW,Kuwait,Middle East,OPEC,Gasoline,Refined products,62.0,0.0,0.0,86.0,,0.0
2023-12,2023,KW,Kuwait,Middle East,OPEC,Kerosene & jet fuel,Refined products,223.0,0.0,240.0,19.0,,0.0
2023-12,2023,KW,Kuwait,Middle East,OPEC,LPG,Refined products,29.0,0.0,157.0,8.0,,0.0
2023-12,2023,KW,Kuwait,Middle East,OPEC,NGL,Crude & NGL,0.0,0.0,0.0,,0.0,0.0
2023-12,2023,KW,Kuwait,Middle East,OPEC,Naphtha,Refined products,156.0,0.0,139.0,75.0,,0.0
2023-12,2023,KW,Kuwait,Middle East,OPEC,Other crude inputs,Crude & NGL,0.0,0.0,0.0,,0.0,0.0
2023-12,2023,KW,Kuwait,Middle East,OPEC,Other products,Refined products,36.0,0.0,39.0,37.0,,0.0
2024-01,2024,KW,Kuwait,Middle East,OPEC,Crude oil,Crude & NGL,2413.0,0.0,1235.0,,1190.0,0.0
2024-01,2024,KW,Kuwait,Middle East,OPEC,Diesel & gasoil,Refined products,334.0,0.0,296.0,46.0,,0.0
2024-01,2024,KW,Kuwait,Middle East,OPEC,Fuel oil,Refined products,220.0,0.0,81.0,99.0,,0.0
2024-01,2024,KW,Kuwait,Middle East,OPEC,Gasoline,Refined products,79.0,0.0,10.0,83.0,,0.0
2024-01,2024,KW,Kuwait,Middle East,OPEC,Kerosene & jet fuel,Refined products,286.0,0.0,236.0,20.0,,0.0
2024-01,2024,KW,Kuwait,Middle East,OPEC,LPG,Refined products,35.0,0.0,141.0,8.0,,0.0
2024-01,2024,KW,Kuwait,Middle East,OPEC,NGL,Crude & NGL,0.0,0.0,0.0,,0.0,0.0
2024-01,2024,KW,Kuwait,Middle East,OPEC,Naphtha,Refined products,204.0,0.0,226.0,31.0,,0.0
2024-01,2024,KW,Kuwait,Middle East,OPEC,Other crude inputs,Crude & NGL,0.0,0.0,0.0,,0.0,0.0
2024-01,2024,KW,Kuwait,Middle East,OPEC,Other products,Refined products,43.0,0.0,30.0,7.0,,0.0
2024-02,2024,KW,Kuwait,Middle East,OPEC,Crude oil,Crude & NGL,2413.0,0.0,1150.0,,1250.0,0.0
2024-02,2024,KW,Kuwait,Middle East,OPEC,Diesel & gasoil,Refined products,356.0,9.0,342.0,52.0,,0.0
2024-02,2024,KW,Kuwait,Middle East,OPEC,Fuel oil,Refined products,302.0,0.0,176.0,101.0,,0.0
2024-02,2024,KW,Kuwait,Middle East,OPEC,Gasoline,Refined products,78.0,0.0,7.0,89.0,,0.0
2024-02,2024,KW,Kuwait,Middle East,OPEC,Kerosene & jet fuel,Refined products,295.0,0.0,277.0,26.0,,0.0
2024-02,2024,KW,Kuwait,Middle East,OPEC,LPG,Refined products,33.0,0.0,158.0,8.0,,0.0
2024-02,2024,KW,Kuwait,Middle East,OPEC,NGL,Crude & NGL,0.0,0.0,0.0,,0.0,0.0
2024-02,2024,KW,Kuwait,Middle East,OPEC,Naphtha,Refined products,205.0,0.0,249.0,3.0,,0.0
2024-02,2024,KW,Kuwait,Middle East,OPEC,Other crude inputs,Crude & NGL,0.0,0.0,0.0,,0.0,0.0
2024-02,2024,KW,Kuwait,Middle East,OPEC,Other products,Refined products,43.0,1.0,29.0,3.0,,0.0
2024-03,2024,KW,Kuwait,Middle East,OPEC,Crude oil,Crude & NGL,2413.0,0.0,1130.0,,1280.0,0.0
2024-03,2024,KW,Kuwait,Middle East,OPEC,Diesel & gasoil,Refined products,363.0,19.0,322.0,60.0,,0.0
2024-03,2024,KW,Kuwait,Middle East,OPEC,Fuel oil,Refined products,286.0,0.0,170.0,110.0,,0.0
2024-03,2024,KW,Kuwait,Middle East,OPEC,Gasoline,Refined products,79.0,0.0,9.0,86.0,,0.0
2024-03,2024,KW,Kuwait,Middle East,OPEC,Kerosene & jet fuel,Refined products,317.0,0.0,290.0,16.0,,0.0
2024-03,2024,KW,Kuwait,Middle East,OPEC,LPG,Refined products,36.0,0.0,178.0,8.0,,0.0
2024-03,2024,KW,Kuwait,Middle East,OPEC,NGL,Crude & NGL,0.0,0.0,0.0,,0.0,0.0
2024-03,2024,KW,Kuwait,Middle East,OPEC,Naphtha,Refined products,216.0,0.0,217.0,69.0,,0.0
2024-03,2024,KW,Kuwait,Middle East,OPEC,Other crude inputs,Crude & NGL,0.0,0.0,0.0,,0.0,0.0
2024-03,2024,KW,Kuwait,Middle East,OPEC,Other products,Refined products,43.0,0.0,33.0,3.0,,0.0
2024-04,2024,KW,Kuwait,Middle East,OPEC,Crude oil,Crude & NGL,2413.0,0.0,1140.0,,1280.0,0.0
2024-04,2024,KW,Kuwait,Middle East,OPEC,Diesel & gasoil,Refined products,337.0,33.0,330.0,46.0,,0.0
2024-04,2024,KW,Kuwait,Middle East,OPEC,Fuel oil,Refined products,302.0,0.0,180.0,131.0,,0.0
2024-04,2024,KW,Kuwait,Middle East,OPEC,Gasoline,Refined products,65.0,0.0,0.0,86.0,,0.0
2024-04,2024,KW,Kuwait,Middle East,OPEC,Kerosene & jet fuel,Refined products,314.0,0.0,300.0,28.0,,0.0
2024-04,2024,KW,Kuwait,Middle East,OPEC,LPG,Refined products,34.0,0.0,180.0,7.0,,0.0
2024-04,2024,KW,Kuwait,Middle East,OPEC,NGL,Crude & NGL,0.0,0.0,0.0,,0.0,0.0
2024-04,2024,KW,Kuwait,Middle East,OPEC,Naphtha,Refined products,240.0,0.0,218.0,53.0,,0.0
2024-04,2024,KW,Kuwait,Middle East,OPEC,Other crude inputs,Crude & NGL,0.0,0.0,0.0,,0.0,0.0
2024-04,2024,KW,Kuwait,Middle East,OPEC,Other products,Refined products,39.0,1.0,51.0,3.0,,0.0
2024-05,2024,KW,Kuwait,Middle East,OPEC,Crude oil,Crude & NGL,2413.0,0.0,1175.0,,1243.0,0.0
2024-05,2024,KW,Kuwait,Middle East,OPEC,Diesel & gasoil,Refined products,320.0,9.0,253.0,52.0,,0.0
2024-05,2024,KW,Kuwait,Middle East,OPEC,Fuel oil,Refined products,277.0,0.0,119.0,156.0,,0.0
2024-05,2024,KW,Kuwait,Middle East,OPEC,Gasoline,Refined products,62.0,0.0,0.0,91.0,,0.0
2024-05,2024,KW,Kuwait,Middle East,OPEC,Kerosene & jet fuel,Refined products,292.0,0.0,235.0,14.0,,0.0
2024-05,2024,KW,Kuwait,Middle East,OPEC,LPG,Refined products,29.0,0.0,212.0,7.0,,0.0
2024-05,2024,KW,Kuwait,Middle East,OPEC,NGL,Crude & NGL,0.0,0.0,0.0,,0.0,0.0
2024-05,2024,KW,Kuwait,Middle East,OPEC,Naphtha,Refined products,218.0,0.0,246.0,70.0,,0.0
2024-05,2024,KW,Kuwait,Middle East,OPEC,Other crude inputs,Crude & NGL,0.0,0.0,0.0,,0.0,0.0
2024-05,2024,KW,Kuwait,Middle East,OPEC,Other products,Refined products,38.0,0.0,39.0,6.0,,0.0
2024-06,2024,KW,Kuwait,Middle East,OPEC,Crude oil,Crude & NGL,2413.0,0.0,1160.0,,1265.0,0.0
2024-06,2024,KW,Kuwait,Middle East,OPEC,Diesel & gasoil,Refined products,384.0,0.0,392.0,48.0,,0.0
2024-06,2024,KW,Kuwait,Middle East,OPEC,Fuel oil,Refined products,314.0,0.0,133.0,131.0,,0.0
2024-06,2024,KW,Kuwait,Middle East,OPEC,Gasoline,Refined products,69.0,0.0,0.0,86.0,,0.0
2024-06,2024,KW,Kuwait,Middle East,OPEC,Kerosene & jet fuel,Refined products,261.0,0.0,260.0,27.0,,0.0
2024-06,2024,KW,Kuwait,Middle East,OPEC,LPG,Refined products,27.0,0.0,180.0,6.0,,0.0
2024-06,2024,KW,Kuwait,Middle East,OPEC,NGL,Crude & NGL,0.0,0.0,0.0,,0.0,0.0
2024-06,2024,KW,Kuwait,Middle East,OPEC,Naphtha,Refined products,216.0,0.0,210.0,63.0,,0.0
2024-06,2024,KW,Kuwait,Middle East,OPEC,Other crude inputs,Crude & NGL,0.0,0.0,0.0,,0.0,0.0
2024-06,2024,KW,Kuwait,Middle East,OPEC,Other products,Refined products,41.0,0.0,45.0,7.0,,0.0
2024-07,2024,KW,Kuwait,Middle East,OPEC,Crude oil,Crude & NGL,2413.0,0.0,1140.0,,1260.0,0.0
2024-07,2024,KW,Kuwait,Middle East,OPEC,Diesel & gasoil,Refined products,384.0,0.0,383.0,48.0,,0.0
2024-07,2024,KW,Kuwait,Middle East,OPEC,Fuel oil,Refined products,284.0,0.0,128.0,172.0,,0.0
2024-07,2024,KW,Kuwait,Middle East,OPEC,Gasoline,Refined products,79.0,0.0,0.0,84.0,,0.0
2024-07,2024,KW,Kuwait,Middle East,OPEC,Kerosene & jet fuel,Refined products,281.0,0.0,291.0,20.0,,0.0
2024-07,2024,KW,Kuwait,Middle East,OPEC,LPG,Refined products,30.0,0.0,213.0,6.0,,0.0
2024-07,2024,KW,Kuwait,Middle East,OPEC,NGL,Crude & NGL,0.0,0.0,0.0,,0.0,0.0
2024-07,2024,KW,Kuwait,Middle East,OPEC,Naphtha,Refined products,226.0,0.0,230.0,69.0,,0.0
2024-07,2024,KW,Kuwait,Middle East,OPEC,Other crude inputs,Crude & NGL,0.0,0.0,0.0,,0.0,0.0
2024-07,2024,KW,Kuwait,Middle East,OPEC,Other products,Refined products,42.0,0.0,28.0,4.0,,0.0
2024-08,2024,KW,Kuwait,Middle East,OPEC,Crude oil,Crude & NGL,2413.0,0.0,1175.0,,1230.0,0.0
2024-08,2024,KW,Kuwait,Middle East,OPEC,Diesel & gasoil,Refined products,312.0,0.0,287.0,52.0,,0.0
2024-08,2024,KW,Kuwait,Middle East,OPEC,Fuel oil,Refined products,321.0,0.0,145.0,168.0,,0.0
2024-08,2024,KW,Kuwait,Middle East,OPEC,Gasoline,Refined products,70.0,0.0,0.0,82.0,,0.0
2024-08,2024,KW,Kuwait,Middle East,OPEC,Kerosene & jet fuel,Refined products,298.0,0.0,271.0,14.0,,0.0
2024-08,2024,KW,Kuwait,Middle East,OPEC,LPG,Refined products,33.0,0.0,203.0,6.0,,0.0
2024-08,2024,KW,Kuwait,Middle East,OPEC,NGL,Crude & NGL,0.0,0.0,0.0,,0.0,0.0
2024-08,2024,KW,Kuwait,Middle East,OPEC,Naphtha,Refined products,225.0,0.0,201.0,73.0,,0.0
2024-08,2024,KW,Kuwait,Middle East,OPEC,Other crude inputs,Crude & NGL,0.0,0.0,0.0,,0.0,0.0
2024-08,2024,KW,Kuwait,Middle East,OPEC,Other products,Refined products,42.0,1.0,46.0,4.0,,0.0
2024-09,2024,KW,Kuwait,Middle East,OPEC,Crude oil,Crude & NGL,2413.0,0.0,1185.0,,1220.0,0.0
2024-09,2024,KW,Kuwait,Middle East,OPEC,Diesel & gasoil,Refined products,327.0,33.0,349.0,52.0,,0.0
2024-09,2024,KW,Kuwait,Middle East,OPEC,Fuel oil,Refined products,326.0,0.0,135.0,150.0,,0.0
2024-09,2024,KW,Kuwait,Middle East,OPEC,Gasoline,Refined products,71.0,0.0,11.0,92.0,,0.0
2024-09,2024,KW,Kuwait,Middle East,OPEC,Kerosene & jet fuel,Refined products,276.0,0.0,276.0,20.0,,0.0
2024-09,2024,KW,Kuwait,Middle East,OPEC,LPG,Refined products,37.0,0.0,237.0,7.0,,0.0
2024-09,2024,KW,Kuwait,Middle East,OPEC,NGL,Crude & NGL,0.0,0.0,0.0,,0.0,0.0
2024-09,2024,KW,Kuwait,Middle East,OPEC,Naphtha,Refined products,201.0,0.0,196.0,67.0,,0.0
2024-09,2024,KW,Kuwait,Middle East,OPEC,Other crude inputs,Crude & NGL,0.0,0.0,0.0,,0.0,0.0
2024-09,2024,KW,Kuwait,Middle East,OPEC,Other products,Refined products,39.0,0.0,41.0,5.0,,0.0
2024-10,2024,KW,Kuwait,Middle East,OPEC,Crude oil,Crude & NGL,2400.0,0.0,1190.0,,1220.0,0.0
2024-10,2024,KW,Kuwait,Middle East,OPEC,Diesel & gasoil,Refined products,340.0,0.0,331.0,52.0,,0.0
2024-10,2024,KW,Kuwait,Middle East,OPEC,Fuel oil,Refined products,300.0,0.0,199.0,111.0,,0.0
2024-10,2024,KW,Kuwait,Middle East,OPEC,Gasoline,Refined products,74.0,20.0,0.0,90.0,,0.0
2024-10,2024,KW,Kuwait,Middle East,OPEC,Kerosene & jet fuel,Refined products,292.0,0.0,236.0,23.0,,0.0
2024-10,2024,KW,Kuwait,Middle East,OPEC,LPG,Refined products,39.0,0.0,175.0,7.0,,0.0
2024-10,2024,KW,Kuwait,Middle East,OPEC,NGL,Crude & NGL,0.0,0.0,0.0,,0.0,0.0
2024-10,2024,KW,Kuwait,Middle East,OPEC,Naphtha,Refined products,209.0,0.0,211.0,61.0,,0.0
2024-10,2024,KW,Kuwait,Middle East,OPEC,Other crude inputs,Crude & NGL,0.0,0.0,0.0,,0.0,0.0
2024-10,2024,KW,Kuwait,Middle East,OPEC,Other products,Refined products,34.0,0.0,37.0,5.0,,0.0
2024-11,2024,KW,Kuwait,Middle East,OPEC,Crude oil,Crude & NGL,2405.0,0.0,1210.0,,1200.0,0.0
2024-11,2024,KW,Kuwait,Middle East,OPEC,Diesel & gasoil,Refined products,355.0,0.0,340.0,45.0,,0.0
2024-11,2024,KW,Kuwait,Middle East,OPEC,Fuel oil,Refined products,286.0,0.0,185.0,106.0,,0.0
2024-11,2024,KW,Kuwait,Middle East,OPEC,Gasoline,Refined products,74.0,0.0,8.0,89.0,,0.0
2024-11,2024,KW,Kuwait,Middle East,OPEC,Kerosene & jet fuel,Refined products,279.0,0.0,279.0,17.0,,0.0
2024-11,2024,KW,Kuwait,Middle East,OPEC,LPG,Refined products,42.0,0.0,216.0,7.0,,0.0
2024-11,2024,KW,Kuwait,Middle East,OPEC,NGL,Crude & NGL,0.0,0.0,0.0,,0.0,0.0
2024-11,2024,KW,Kuwait,Middle East,OPEC,Naphtha,Refined products,200.0,0.0,185.0,63.0,,0.0
2024-11,2024,KW,Kuwait,Middle East,OPEC,Other crude inputs,Crude & NGL,0.0,0.0,0.0,,0.0,0.0
2024-11,2024,KW,Kuwait,Middle East,OPEC,Other products,Refined products,39.0,0.0,26.0,5.0,,0.0
2024-12,2024,KW,Kuwait,Middle East,OPEC,Crude oil,Crude & NGL,2407.0,0.0,1220.0,,1180.0,0.0
2024-12,2024,KW,Kuwait,Middle East,OPEC,Diesel & gasoil,Refined products,334.0,0.0,320.0,49.0,,0.0
2024-12,2024,KW,Kuwait,Middle East,OPEC,Fuel oil,Refined products,263.0,0.0,130.0,97.0,,0.0
2024-12,2024,KW,Kuwait,Middle East,OPEC,Gasoline,Refined products,74.0,0.0,4.0,88.0,,0.0
2024-12,2024,KW,Kuwait,Middle East,OPEC,Kerosene & jet fuel,Refined products,286.0,0.0,285.0,13.0,,0.0
2024-12,2024,KW,Kuwait,Middle East,OPEC,LPG,Refined products,45.0,0.0,194.0,8.0,,0.0
2024-12,2024,KW,Kuwait,Middle East,OPEC,NGL,Crude & NGL,0.0,0.0,0.0,,0.0,0.0
2024-12,2024,KW,Kuwait,Middle East,OPEC,Naphtha,Refined products,210.0,0.0,220.0,67.0,,0.0
2024-12,2024,KW,Kuwait,Middle East,OPEC,Other crude inputs,Crude & NGL,0.0,0.0,0.0,,0.0,0.0
2024-12,2024,KW,Kuwait,Middle East,OPEC,Other products,Refined products,42.0,0.0,42.0,6.0,,0.0
2025-01,2025,KW,Kuwait,Middle East,OPEC,Crude oil,Crude & NGL,2400.0,0.0,1225.0,,1180.0,0.0
2025-01,2025,KW,Kuwait,Middle East,OPEC,Diesel & gasoil,Refined products,356.0,0.0,320.0,50.0,,0.0
2025-01,2025,KW,Kuwait,Middle East,OPEC,Fuel oil,Refined products,265.0,0.0,165.0,92.0,,0.0
2025-01,2025,KW,Kuwait,Middle East,OPEC,Gasoline,Refined products,59.0,0.0,0.0,84.0,,0.0
2025-01,2025,KW,Kuwait,Middle East,OPEC,Kerosene & jet fuel,Refined products,288.0,0.0,280.0,26.0,,0.0
2025-01,2025,KW,Kuwait,Middle East,OPEC,LPG,Refined products,41.0,0.0,178.0,8.0,,0.0
2025-01,2025,KW,Kuwait,Middle East,OPEC,NGL,Crude & NGL,0.0,0.0,0.0,,0.0,0.0
2025-01,2025,KW,Kuwait,Middle East,OPEC,Naphtha,Refined products,211.0,0.0,200.0,68.0,,0.0
2025-01,2025,KW,Kuwait,Middle East,OPEC,Other crude inputs,Crude & NGL,0.0,0.0,0.0,,0.0,0.0
2025-01,2025,KW,Kuwait,Middle East,OPEC,Other products,Refined products,41.0,1.0,50.0,9.0,,0.0
2025-02,2025,KW,Kuwait,Middle East,OPEC,Crude oil,Crude & NGL,2406.0,0.0,1220.0,,1180.0,0.0
2025-02,2025,KW,Kuwait,Middle East,OPEC,Diesel & gasoil,Refined products,364.0,0.0,330.0,56.0,,0.0
2025-02,2025,KW,Kuwait,Middle East,OPEC,Fuel oil,Refined products,262.0,0.0,160.0,72.0,,0.0
2025-02,2025,KW,Kuwait,Middle East,OPEC,Gasoline,Refined products,56.0,10.0,0.0,92.0,,0.0
2025-02,2025,KW,Kuwait,Middle East,OPEC,Kerosene & jet fuel,Refined products,287.0,0.0,286.0,15.0,,0.0
2025-02,2025,KW,Kuwait,Middle East,OPEC,LPG,Refined products,42.0,0.0,171.0,8.0,,0.0
2025-02,2025,KW,Kuwait,Middle East,OPEC,NGL,Crude & NGL,0.0,0.0,0.0,,0.0,0.0
2025-02,2025,KW,Kuwait,Middle East,OPEC,Naphtha,Refined products,215.0,0.0,190.0,65.0,,0.0
2025-02,2025,KW,Kuwait,Middle East,OPEC,Other crude inputs,Crude & NGL,0.0,0.0,0.0,,0.0,0.0
2025-02,2025,KW,Kuwait,Middle East,OPEC,Other products,Refined products,40.0,0.0,48.0,18.0,,0.0
2025-03,2025,KW,Kuwait,Middle East,OPEC,Crude oil,Crude & NGL,2413.0,0.0,1230.0,,1180.0,0.0
2025-03,2025,KW,Kuwait,Middle East,OPEC,Diesel & gasoil,Refined products,347.0,0.0,300.0,69.0,,0.0
2025-03,2025,KW,Kuwait,Middle East,OPEC,Fuel oil,Refined products,262.0,0.0,189.0,60.0,,0.0
2025-03,2025,KW,Kuwait,Middle East,OPEC,Gasoline,Refined products,77.0,10.0,0.0,84.0,,0.0
2025-03,2025,KW,Kuwait,Middle East,OPEC,Kerosene & jet fuel,Refined products,287.0,0.0,274.0,18.0,,0.0
2025-03,2025,KW,Kuwait,Middle East,OPEC,LPG,Refined products,43.0,0.0,236.0,8.0,,0.0
2025-03,2025,KW,Kuwait,Middle East,OPEC,NGL,Crude & NGL,0.0,0.0,0.0,,0.0,0.0
2025-03,2025,KW,Kuwait,Middle East,OPEC,Naphtha,Refined products,209.0,0.0,190.0,66.0,,0.0
2025-03,2025,KW,Kuwait,Middle East,OPEC,Other crude inputs,Crude & NGL,0.0,0.0,0.0,,0.0,0.0
2025-03,2025,KW,Kuwait,Middle East,OPEC,Other products,Refined products,46.0,0.0,47.0,13.0,,0.0
2025-04,2025,KW,Kuwait,Middle East,OPEC,Crude oil,Crude & NGL,2413.0,0.0,1225.0,,1185.0,0.0
2025-04,2025,KW,Kuwait,Middle East,OPEC,Diesel & gasoil,Refined products,336.0,0.0,300.0,71.0,,0.0
2025-04,2025,KW,Kuwait,Middle East,OPEC,Fuel oil,Refined products,299.0,0.0,198.0,90.0,,0.0
2025-04,2025,KW,Kuwait,Middle East,OPEC,Gasoline,Refined products,64.0,0.0,0.0,90.0,,0.0
2025-04,2025,KW,Kuwait,Middle East,OPEC,Kerosene & jet fuel,Refined products,266.0,0.0,247.0,19.0,,0.0
2025-04,2025,KW,Kuwait,Middle East,OPEC,LPG,Refined products,39.0,0.0,179.0,7.0,,0.0
2025-04,2025,KW,Kuwait,Middle East,OPEC,NGL,Crude & NGL,0.0,0.0,0.0,,0.0,0.0
2025-04,2025,KW,Kuwait,Middle East,OPEC,Naphtha,Refined products,200.0,0.0,180.0,69.0,,0.0
2025-04,2025,KW,Kuwait,Middle East,OPEC,Other crude inputs,Crude & NGL,0.0,0.0,0.0,,0.0,0.0
2025-04,2025,KW,Kuwait,Middle East,OPEC,Other products,Refined products,43.0,0.0,42.0,14.0,,0.0
2025-05,2025,KW,Kuwait,Middle East,OPEC,Crude oil,Crude & NGL,2420.0,0.0,1240.0,,1180.0,0.0
2025-05,2025,KW,Kuwait,Middle East,OPEC,Diesel & gasoil,Refined products,344.0,0.0,310.0,54.0,,0.0
2025-05,2025,KW,Kuwait,Middle East,OPEC,Fuel oil,Refined products,247.0,0.0,95.0,112.0,,0.0
2025-05,2025,KW,Kuwait,Middle East,OPEC,Gasoline,Refined products,65.0,0.0,0.0,87.0,,0.0
2025-05,2025,KW,Kuwait,Middle East,OPEC,Kerosene & jet fuel,Refined products,273.0,0.0,238.0,23.0,,0.0
2025-05,2025,KW,Kuwait,Middle East,OPEC,LPG,Refined products,38.0,0.0,195.0,7.0,,0.0
2025-05,2025,KW,Kuwait,Middle East,OPEC,NGL,Crude & NGL,0.0,0.0,0.0,,0.0,0.0
2025-05,2025,KW,Kuwait,Middle East,OPEC,Naphtha,Refined products,200.0,0.0,170.0,70.0,,0.0
2025-05,2025,KW,Kuwait,Middle East,OPEC,Other crude inputs,Crude & NGL,0.0,0.0,0.0,,0.0,0.0
2025-05,2025,KW,Kuwait,Middle East,OPEC,Other products,Refined products,48.0,0.0,40.0,13.0,,0.0
2025-06,2025,KW,Kuwait,Middle East,OPEC,Crude oil,Crude & NGL,2420.0,0.0,1240.0,,1180.0,0.0
2025-06,2025,KW,Kuwait,Middle East,OPEC,Diesel & gasoil,Refined products,344.0,0.0,310.0,54.0,,0.0
2025-06,2025,KW,Kuwait,Middle East,OPEC,Fuel oil,Refined products,247.0,0.0,95.0,112.0,,0.0
2025-06,2025,KW,Kuwait,Middle East,OPEC,Gasoline,Refined products,65.0,0.0,0.0,87.0,,0.0
2025-06,2025,KW,Kuwait,Middle East,OPEC,Kerosene & jet fuel,Refined products,273.0,0.0,238.0,23.0,,0.0
2025-06,2025,KW,Kuwait,Middle East,OPEC,LPG,Refined products,38.0,0.0,195.0,7.0,,0.0
2025-06,2025,KW,Kuwait,Middle East,OPEC,NGL,Crude & NGL,0.0,0.0,0.0,,0.0,0.0
2025-06,2025,KW,Kuwait,Middle East,OPEC,Naphtha,Refined products,200.0,0.0,170.0,70.0,,0.0
2025-06,2025,KW,Kuwait,Middle East,OPEC,Other crude inputs,Crude & NGL,0.0,0.0,0.0,,0.0,0.0
2025-06,2025,KW,Kuwait,Middle East,OPEC,Other products,Refined products,48.0,0.0,40.0,13.0,,0.0
2025-07,2025,KW,Kuwait,Middle East,OPEC,Crude oil,Crude & NGL,2445.0,0.0,1250.0,,1190.0,0.0
2025-07,2025,KW,Kuwait,Middle East,OPEC,Diesel & gasoil,Refined products,340.0,0.0,300.0,55.0,,0.0
2025-07,2025,KW,Kuwait,Middle East,OPEC,Fuel oil,Refined products,274.0,0.0,145.0,153.0,,0.0
2025-07,2025,KW,Kuwait,Middle East,OPEC,Gasoline,Refined products,69.0,0.0,9.0,89.0,,0.0
2025-07,2025,KW,Kuwait,Middle East,OPEC,Kerosene & jet fuel,Refined products,264.0,0.0,258.0,19.0,,0.0
2025-07,2025,KW,Kuwait,Middle East,OPEC,LPG,Refined products,37.0,0.0,179.0,3.0,,0.0
2025-07,2025,KW,Kuwait,Middle East,OPEC,NGL,Crude & NGL,0.0,0.0,0.0,,0.0,0.0
2025-07,2025,KW,Kuwait,Middle East,OPEC,Naphtha,Refined products,188.0,0.0,165.0,72.0,,0.0
2025-07,2025,KW,Kuwait,Middle East,OPEC,Other crude inputs,Crude & NGL,0.0,0.0,0.0,,0.0,0.0
2025-07,2025,KW,Kuwait,Middle East,OPEC,Other products,Refined products,44.0,0.0,30.0,15.0,,0.0
2025-08,2025,KW,Kuwait,Middle East,OPEC,Crude oil,Crude & NGL,2489.0,0.0,1270.0,,1220.0,0.0
2025-08,2025,KW,Kuwait,Middle East,OPEC,Diesel & gasoil,Refined products,345.0,0.0,320.0,56.0,,0.0
2025-08,2025,KW,Kuwait,Middle East,OPEC,Fuel oil,Refined products,289.0,0.0,100.0,152.0,,0.0
2025-08,2025,KW,Kuwait,Middle East,OPEC,Gasoline,Refined products,69.0,0.0,9.0,85.0,,0.0
2025-08,2025,KW,Kuwait,Middle East,OPEC,Kerosene & jet fuel,Refined products,287.0,0.0,310.0,14.0,,0.0
2025-08,2025,KW,Kuwait,Middle East,OPEC,LPG,Refined products,37.0,0.0,217.0,6.0,,0.0
2025-08,2025,KW,Kuwait,Middle East,OPEC,NGL,Crude & NGL,0.0,0.0,0.0,,0.0,0.0
2025-08,2025,KW,Kuwait,Middle East,OPEC,Naphtha,Refined products,200.0,0.0,170.0,70.0,,0.0
2025-08,2025,KW,Kuwait,Middle East,OPEC,Other crude inputs,Crude & NGL,0.0,0.0,0.0,,0.0,0.0
2025-08,2025,KW,Kuwait,Middle East,OPEC,Other products,Refined products,46.0,1.0,38.0,10.0,,0.0
2025-09,2025,KW,Kuwait,Middle East,OPEC,Crude oil,Crude & NGL,2516.0,0.0,1285.0,,1230.0,0.0
2025-09,2025,KW,Kuwait,Middle East,OPEC,Diesel & gasoil,Refined products,327.0,0.0,300.0,58.0,,0.0
2025-09,2025,KW,Kuwait,Middle East,OPEC,Fuel oil,Refined products,283.0,0.0,142.0,136.0,,0.0
2025-09,2025,KW,Kuwait,Middle East,OPEC,Gasoline,Refined products,72.0,0.0,0.0,96.0,,0.0
2025-09,2025,KW,Kuwait,Middle East,OPEC,Kerosene & jet fuel,Refined products,297.0,0.0,292.0,27.0,,0.0
2025-09,2025,KW,Kuwait,Middle East,OPEC,LPG,Refined products,37.0,0.0,199.0,7.0,,0.0
2025-09,2025,KW,Kuwait,Middle East,OPEC,NGL,Crude & NGL,0.0,0.0,0.0,,0.0,0.0
2025-09,2025,KW,Kuwait,Middle East,OPEC,Naphtha,Refined products,203.0,0.0,165.0,69.0,,0.0
2025-09,2025,KW,Kuwait,Middle East,OPEC,Other crude inputs,Crude & NGL,0.0,0.0,0.0,,0.0,0.0
2025-09,2025,KW,Kuwait,Middle East,OPEC,Other products,Refined products,48.0,1.0,39.0,13.0,,0.0
2025-10,2025,KW,Kuwait,Middle East,OPEC,Crude oil,Crude & NGL,2559.0,0.0,1650.0,,910.0,0.0
2025-10,2025,KW,Kuwait,Middle East,OPEC,Diesel & gasoil,Refined products,252.0,0.0,200.0,86.0,,0.0
2025-10,2025,KW,Kuwait,Middle East,OPEC,Fuel oil,Refined products,220.0,0.0,130.0,106.0,,0.0
2025-10,2025,KW,Kuwait,Middle East,OPEC,Gasoline,Refined products,72.0,0.0,1.0,97.0,,0.0
2025-10,2025,KW,Kuwait,Middle East,OPEC,Kerosene & jet fuel,Refined products,196.0,0.0,210.0,13.0,,0.0
2025-10,2025,KW,Kuwait,Middle East,OPEC,LPG,Refined products,30.0,0.0,174.0,7.0,,0.0
2025-10,2025,KW,Kuwait,Middle East,OPEC,NGL,Crude & NGL,0.0,0.0,0.0,,0.0,0.0
2025-10,2025,KW,Kuwait,Middle East,OPEC,Naphtha,Refined products,134.0,0.0,100.0,68.0,,0.0
2025-10,2025,KW,Kuwait,Middle East,OPEC,Other crude inputs,Crude & NGL,0.0,0.0,0.0,,0.0,0.0
2025-10,2025,KW,Kuwait,Middle East,OPEC,Other products,Refined products,43.0,0.0,28.0,12.0,,0.0
2025-11,2025,KW,Kuwait,Middle East,OPEC,Crude oil,Crude & NGL,2569.0,0.0,1660.0,,900.0,0.0
2025-11,2025,KW,Kuwait,Middle East,OPEC,Diesel & gasoil,Refined products,257.0,0.0,220.0,64.0,,0.0
2025-11,2025,KW,Kuwait,Middle East,OPEC,Fuel oil,Refined products,152.0,0.0,35.0,93.0,,0.0
2025-11,2025,KW,Kuwait,Middle East,OPEC,Gasoline,Refined products,62.0,10.0,0.0,94.0,,0.0
2025-11,2025,KW,Kuwait,Middle East,OPEC,Kerosene & jet fuel,Refined products,192.0,0.0,179.0,21.0,,0.0
2025-11,2025,KW,Kuwait,Middle East,OPEC,LPG,Refined products,30.0,0.0,185.0,8.0,,0.0
2025-11,2025,KW,Kuwait,Middle East,OPEC,NGL,Crude & NGL,0.0,0.0,0.0,,0.0,0.0
2025-11,2025,KW,Kuwait,Middle East,OPEC,Naphtha,Refined products,172.0,0.0,140.0,68.0,,0.0
2025-11,2025,KW,Kuwait,Middle East,OPEC,Other crude inputs,Crude & NGL,0.0,0.0,0.0,,0.0,0.0
2025-11,2025,KW,Kuwait,Middle East,OPEC,Other products,Refined products,43.0,1.0,30.0,12.0,,0.0
2025-12,2025,KW,Kuwait,Middle East,OPEC,Crude oil,Crude & NGL,2580.0,0.0,1466.0,,1095.0,0.0
2025-12,2025,KW,Kuwait,Middle East,OPEC,Diesel & gasoil,Refined products,309.0,0.0,263.0,55.0,,0.0
2025-12,2025,KW,Kuwait,Middle East,OPEC,Fuel oil,Refined products,187.0,0.0,76.0,59.0,,0.0
2025-12,2025,KW,Kuwait,Middle East,OPEC,Gasoline,Refined products,52.0,10.0,0.0,91.0,,0.0
2025-12,2025,KW,Kuwait,Middle East,OPEC,Kerosene & jet fuel,Refined products,230.0,0.0,309.0,14.0,,0.0
2025-12,2025,KW,Kuwait,Middle East,OPEC,LPG,Refined products,30.0,0.0,159.0,9.0,,0.0
2025-12,2025,KW,Kuwait,Middle East,OPEC,NGL,Crude & NGL,0.0,0.0,0.0,,0.0,0.0
2025-12,2025,KW,Kuwait,Middle East,OPEC,Naphtha,Refined products,196.0,0.0,143.0,67.0,,0.0
2025-12,2025,KW,Kuwait,Middle East,OPEC,Other crude inputs,Crude & NGL,0.0,0.0,0.0,,0.0,0.0
2025-12,2025,KW,Kuwait,Middle East,OPEC,Other products,Refined products,45.0,1.0,23.0,30.0,,0.0
2026-01,2026,KW,Kuwait,Middle East,OPEC,Crude oil,Crude & NGL,2580.0,0.0,1254.0,,1326.0,0.0
2026-01,2026,KW,Kuwait,Middle East,OPEC,Diesel & gasoil,Refined products,360.0,0.0,426.0,50.0,,0.0
2026-01,2026,KW,Kuwait,Middle East,OPEC,Fuel oil,Refined products,311.0,0.0,293.0,76.0,,0.0
2026-01,2026,KW,Kuwait,Middle East,OPEC,Gasoline,Refined products,69.0,0.0,10.0,87.0,,0.0
2026-01,2026,KW,Kuwait,Middle East,OPEC,Kerosene & jet fuel,Refined products,302.0,0.0,300.0,20.0,,0.0
2026-01,2026,KW,Kuwait,Middle East,OPEC,LPG,Refined products,44.0,0.0,194.0,9.0,,0.0
2026-01,2026,KW,Kuwait,Middle East,OPEC,NGL,Crude & NGL,0.0,0.0,0.0,,0.0,0.0
2026-01,2026,KW,Kuwait,Middle East,OPEC,Naphtha,Refined products,229.0,0.0,281.0,6.0,,0.0
2026-01,2026,KW,Kuwait,Middle East,OPEC,Other crude inputs,Crude & NGL,0.0,0.0,0.0,,0.0,0.0
2026-01,2026,KW,Kuwait,Middle East,OPEC,Other products,Refined products,48.0,1.0,43.0,4.0,,0.0
2026-02,2026,KW,Kuwait,Middle East,OPEC,Crude oil,Crude & NGL,2580.0,0.0,1213.0,,1366.0,0.0
2026-02,2026,KW,Kuwait,Middle East,OPEC,Diesel & gasoil,Refined products,367.0,0.0,365.0,70.0,,0.0
2026-02,2026,KW,Kuwait,Middle East,OPEC,Fuel oil,Refined products,321.0,0.0,231.0,69.0,,0.0
2026-02,2026,KW,Kuwait,Middle East,OPEC,Gasoline,Refined products,87.0,0.0,11.0,90.0,,0.0
2026-02,2026,KW,Kuwait,Middle East,OPEC,Kerosene & jet fuel,Refined products,320.0,0.0,332.0,28.0,,0.0
2026-02,2026,KW,Kuwait,Middle East,OPEC,LPG,Refined products,41.0,0.0,138.0,9.0,,0.0
2026-02,2026,KW,Kuwait,Middle East,OPEC,NGL,Crude & NGL,0.0,0.0,0.0,,0.0,0.0
2026-02,2026,KW,Kuwait,Middle East,OPEC,Naphtha,Refined products,212.0,0.0,279.0,50.0,,0.0
2026-02,2026,KW,Kuwait,Middle East,OPEC,Other crude inputs,Crude & NGL,0.0,0.0,0.0,,0.0,0.0
2026-02,2026,KW,Kuwait,Middle East,OPEC,Other products,Refined products,52.0,0.0,43.0,6.0,,0.0
2026-03,2026,KW,Kuwait,Middle East,OPEC,Crude oil,Crude & NGL,1200.0,0.0,500.0,,700.0,0.0
2026-03,2026,KW,Kuwait,Middle East,OPEC,Diesel & gasoil,Refined products,180.0,0.0,106.0,106.0,,0.0
2026-03,2026,KW,Kuwait,Middle East,OPEC,Fuel oil,Refined products,206.0,0.0,87.0,94.0,,0.0
2026-03,2026,KW,Kuwait,Middle East,OPEC,Gasoline,Refined products,78.0,0.0,17.0,70.0,,0.0
2026-03,2026,KW,Kuwait,Middle East,OPEC,Kerosene & jet fuel,Refined products,110.0,0.0,57.0,1.0,,0.0
2026-03,2026,KW,Kuwait,Middle East,OPEC,LPG,Refined products,17.0,0.0,36.0,9.0,,0.0
2026-03,2026,KW,Kuwait,Middle East,OPEC,NGL,Crude & NGL,0.0,0.0,0.0,,0.0,0.0
2026-03,2026,KW,Kuwait,Middle East,OPEC,Naphtha,Refined products,53.0,0.0,67.0,16.0,,0.0
2026-03,2026,KW,Kuwait,Middle East,OPEC,Other crude inputs,Crude & NGL,0.0,0.0,0.0,,0.0,0.0
2026-03,2026,KW,Kuwait,Middle East,OPEC,Other products,Refined products,24.0,0.0,14.0,9.0,,0.0
2026-04,2026,KW,Kuwait,Middle East,OPEC,Crude oil,Crude & NGL,562.0,0.0,41.0,,561.0,0.0
2026-04,2026,KW,Kuwait,Middle East,OPEC,Diesel & gasoil,Refined products,162.0,0.0,83.0,109.0,,0.0
2026-04,2026,KW,Kuwait,Middle East,OPEC,Fuel oil,Refined products,135.0,0.0,29.0,91.0,,0.0
2026-04,2026,KW,Kuwait,Middle East,OPEC,Gasoline,Refined products,66.0,0.0,0.0,80.0,,0.0
2026-04,2026,KW,Kuwait,Middle East,OPEC,Kerosene & jet fuel,Refined products,82.0,0.0,32.0,2.0,,0.0
2026-04,2026,KW,Kuwait,Middle East,OPEC,LPG,Refined products,11.0,0.0,0.0,8.0,,0.0
2026-04,2026,KW,Kuwait,Middle East,OPEC,NGL,Crude & NGL,0.0,0.0,0.0,,0.0,0.0
2026-04,2026,KW,Kuwait,Middle East,OPEC,Naphtha,Refined products,51.0,0.0,24.0,0.0,,0.0
2026-04,2026,KW,Kuwait,Middle East,OPEC,Other crude inputs,Crude & NGL,0.0,0.0,0.0,,0.0,0.0
2026-04,2026,KW,Kuwait,Middle East,OPEC,Other products,Refined products,22.0,0.0,16.0,12.0,,0.0
2026-05,2026,KW,Kuwait,Middle East,OPEC,Crude oil,Crude & NGL,578.0,0.0,24.0,,492.0,0.0
2026-05,2026,KW,Kuwait,Middle East,OPEC,Diesel & gasoil,Refined products,176.0,16.0,129.0,119.0,,0.0
2026-05,2026,KW,Kuwait,Middle East,OPEC,Fuel oil,Refined products,96.0,0.0,17.0,118.0,,0.0
2026-05,2026,KW,Kuwait,Middle East,OPEC,Gasoline,Refined products,72.0,0.0,0.0,88.0,,0.0
2026-05,2026,KW,Kuwait,Middle East,OPEC,Kerosene & jet fuel,Refined products,62.0,0.0,147.0,8.0,,0.0
2026-05,2026,KW,Kuwait,Middle East,OPEC,LPG,Refined products,15.0,0.0,0.0,7.0,,0.0
2026-05,2026,KW,Kuwait,Middle East,OPEC,NGL,Crude & NGL,0.0,0.0,0.0,,0.0,0.0
2026-05,2026,KW,Kuwait,Middle East,OPEC,Naphtha,Refined products,41.0,0.0,82.0,0.0,,0.0
2026-05,2026,KW,Kuwait,Middle East,OPEC,Other crude inputs,Crude & NGL,0.0,0.0,0.0,,0.0,0.0
2026-05,2026,KW,Kuwait,Middle East,OPEC,Other products,Refined products,28.0,0.0,8.0,11.0,,0.0
2026-06,2026,KW,Kuwait,Middle East,OPEC,Crude oil,Crude & NGL,1650.0,0.0,1060.0,,622.0,0.0
2026-06,2026,KW,Kuwait,Middle East,OPEC,Diesel & gasoil,Refined products,213.0,0.0,193.0,72.0,,0.0
2026-06,2026,KW,Kuwait,Middle East,OPEC,Fuel oil,Refined products,145.0,0.0,36.0,146.0,,0.0
2026-06,2026,KW,Kuwait,Middle East,OPEC,Gasoline,Refined products,75.0,0.0,0.0,91.0,,0.0
2026-06,2026,KW,Kuwait,Middle East,OPEC,Kerosene & jet fuel,Refined products,114.0,0.0,234.0,13.0,,0.0
2026-06,2026,KW,Kuwait,Middle East,OPEC,LPG,Refined products,26.0,0.0,107.0,7.0,,0.0
2026-06,2026,KW,Kuwait,Middle East,OPEC,NGL,Crude & NGL,0.0,0.0,0.0,,0.0,0.0
2026-06,2026,KW,Kuwait,Middle East,OPEC,Naphtha,Refined products,42.0,0.0,85.0,160.0,,0.0
2026-06,2026,KW,Kuwait,Middle East,OPEC,Other crude inputs,Crude & NGL,0.0,0.0,0.0,,0.0,0.0
2026-06,2026,KW,Kuwait,Middle East,OPEC,Other products,Refined products,24.0,1.0,12.0,24.0,,0.0
2026-07,2026,KW,Kuwait,Middle East,OPEC,Crude oil,Crude & NGL,1971.0,0.0,1129.0,,648.0,0.0
2026-07,2026,KW,Kuwait,Middle East,OPEC,Diesel & gasoil,Refined products,218.0,0.0,224.0,97.0,,0.0
2026-07,2026,KW,Kuwait,Middle East,OPEC,Fuel oil,Refined products,94.0,0.0,53.0,66.0,,0.0
2026-07,2026,KW,Kuwait,Middle East,OPEC,Gasoline,Refined products,80.0,0.0,0.0,90.0,,0.0
2026-07,2026,KW,Kuwait,Middle East,OPEC,Kerosene & jet fuel,Refined products,167.0,0.0,212.0,14.0,,0.0
2026-07,2026,KW,Kuwait,Middle East,OPEC,LPG,Refined products,25.0,0.0,385.0,7.0,,0.0
2026-07,2026,KW,Kuwait,Middle East,OPEC,NGL,Crude & NGL,0.0,0.0,0.0,,0.0,0.0
2026-07,2026,KW,Kuwait,Middle East,OPEC,Naphtha,Refined products,98.0,0.0,217.0,0.0,,0.0
2026-07,2026,KW,Kuwait,Middle East,OPEC,Other crude inputs,Crude & NGL,0.0,0.0,0.0,,0.0,0.0
2026-07,2026,KW,Kuwait,Middle East,OPEC,Other products,Refined products,37.0,0.0,15.0,119.0,,0.0
